Timestamp,User Count,Type,Name,Requests/s,Failures/s,50%,66%,75%,80%,90%,95%,98%,99%,99.9%,99.99%,100%,Total Request Count,Total Failure Count,Total Median Response Time,Total Average Response Time,Total Min Response Time,Total Max Response Time,Total Average Content Size
1775991844,0,,Aggregated,0.000000,0.000000,N/A,N/A,N/A,N/A,N/A,N/A,N/A,N/A,N/A,N/A,N/A,0,0,0,0.0,0,0,0
1775991845,4,GET,algo/range_kth_persistent,0.000000,0.000000,0,0,0,0,0,0,0,0,0,0,0,1,0,6.0211000018171035,6.0211000018171035,6.0211000018171035,6.0211000018171035,262.0
1775991845,4,POST,auth/login,0.000000,0.000000,0,0,0,0,0,0,0,0,0,0,0,1,0,183.76880000141682,183.76880000141682,183.76880000141682,183.76880000141682,382.0
1775991845,4,GET,imports/runs,0.000000,0.000000,0,0,0,0,0,0,0,0,0,0,0,1,0,6.212199998117285,6.212199998117285,6.212199998117285,6.212199998117285,792.0
1775991845,4,GET,security/no_auth_runs,0.000000,0.000000,0,0,0,0,0,0,0,0,0,0,0,1,0,3.1133999982557725,3.1133999982557725,3.1133999982557725,3.1133999982557725,36.0
1775991845,4,POST,setup/index_rebuild,0.000000,0.000000,0,0,0,0,0,0,0,0,0,0,0,2,0,160,196.32319999982428,155.8629999999539,236.78339999969467,248.0
1775991845,4,GET,setup/index_status,0.000000,0.000000,0,0,0,0,0,0,0,0,0,0,0,2,0,4,5.45590000001539,3.579700001864694,7.332099998166086,207.0
1775991845,4,GET,setup/instruments,0.000000,0.000000,0,0,0,0,0,0,0,0,0,0,0,2,0,6,17.011050000292016,5.660899998474633,28.3612000021094,1777.0
1775991845,4,GET,setup/records,0.000000,0.000000,0,0,0,0,0,0,0,0,0,0,0,2,0,5.158699997991789,19.186249997801497,5.158699997991789,33.213799997611204,20967.0
1775991845,4,GET,setup/risk_event,0.000000,0.000000,0,0,0,0,0,0,0,0,0,0,0,2,0,4,4.386450000311015,3.5265000005892944,5.246400000032736,359.0
1775991845,4,POST,setup/security_login,0.000000,0.000000,0,0,0,0,0,0,0,0,0,0,0,1,0,195.9227999977884,195.9227999977884,195.9227999977884,195.9227999977884,382.0
1775991845,4,POST,setup/security_login_attacker,0.000000,0.000000,0,0,0,0,0,0,0,0,0,0,0,1,0,192.58479999916744,192.58479999916744,192.58479999916744,192.58479999916744,426.0
1775991845,4,POST,setup/security_register_attacker,0.000000,0.000000,0,0,0,0,0,0,0,0,0,0,0,1,0,190.68800000241026,190.68800000241026,190.68800000241026,190.68800000241026,402.0
1775991845,4,,Aggregated,0.000000,0.000000,0,0,0,0,0,0,0,0,0,0,0,17,0,7,74.29628235267421,3.1133999982557725,236.78339999969467,2929.294117647059
1775991846,4,GET,algo/range_kth_persistent,0.000000,0.000000,0,0,0,0,0,0,0,0,0,0,0,2,0,6.0211000018171035,10.678950000510667,6.0211000018171035,15.336799999204231,262.0
1775991846,4,GET,algo/range_max_amount,0.000000,0.000000,0,0,0,0,0,0,0,0,0,0,0,1,0,53.00839999836171,53.00839999836171,53.00839999836171,53.00839999836171,184.0
1775991846,4,POST,auth/login,0.000000,0.000000,340,340,340,340,340,340,340,340,340,340,340,2,0,183.76880000141682,259.52954999957,183.76880000141682,335.2902999977232,382.0
1775991846,4,GET,imports/runs,0.000000,0.000000,6,6,6,6,6,6,6,6,6,6,6,1,0,6.212199998117285,6.212199998117285,6.212199998117285,6.212199998117285,792.0
1775991846,4,GET,risk_radar/events,0.000000,0.000000,0,0,0,0,0,0,0,0,0,0,0,2,0,5.192399999941699,5.329400000846363,5.192399999941699,5.466400001751026,359.0
1775991846,4,GET,security/invalid_token_me,0.000000,0.000000,0,0,0,0,0,0,0,0,0,0,0,2,0,3.06060000002617,3.3385000006092014,3.06060000002617,3.6164000011922326,33.0
1775991846,4,GET,security/no_auth_runs,0.000000,0.000000,0,0,0,0,0,0,0,0,0,0,0,2,0,3.1133999982557725,4.641199999241508,3.1133999982557725,6.169000000227243,36.0
1775991846,4,POST,setup/index_rebuild,0.000000,0.000000,240,240,240,240,240,240,240,240,240,240,240,2,0,160,196.32319999982428,155.8629999999539,236.78339999969467,248.0
1775991846,4,GET,setup/index_status,0.000000,0.000000,7,7,7,7,7,7,7,7,7,7,7,2,0,4,5.45590000001539,3.579700001864694,7.332099998166086,207.0
1775991846,4,GET,setup/instruments,0.000000,0.000000,28,28,28,28,28,28,28,28,28,28,28,2,0,6,17.011050000292016,5.660899998474633,28.3612000021094,1777.0
1775991846,4,GET,setup/records,0.000000,0.000000,33,33,33,33,33,33,33,33,33,33,33,2,0,5.158699997991789,19.186249997801497,5.158699997991789,33.213799997611204,20967.0
1775991846,4,GET,setup/risk_event,0.000000,0.000000,5,5,5,5,5,5,5,5,5,5,5,2,0,4,4.386450000311015,3.5265000005892944,5.246400000032736,359.0
1775991846,4,POST,setup/security_login,0.000000,0.000000,320,320,320,320,320,320,320,320,320,320,320,2,0,200,256.6799500000343,195.9227999977884,317.4371000022802,382.0
1775991846,4,POST,setup/security_login_attacker,0.000000,0.000000,0,0,0,0,0,0,0,0,0,0,0,2,0,192.58479999916744,250.13859999853594,192.58479999916744,307.69239999790443,426.0
1775991846,4,POST,setup/security_register_attacker,0.000000,0.000000,350,350,350,350,350,350,350,350,350,350,350,2,0,190.68800000241026,271.586800001387,190.68800000241026,352.4856000003638,402.0
1775991846,4,,Aggregated,0.000000,0.000000,15,190,310,320,340,350,350,350,350,350,350,28,0,7,95.27829285694419,3.06060000002617,352.4856000003638,1880.5714285714287
1775991847,4,GET,algo/range_kth_persistent,0.000000,0.000000,15,15,15,15,15,15,15,15,15,15,15,3,0,13,11.589033332711551,6.0211000018171035,15.336799999204231,262.0
1775991847,4,GET,algo/range_kth_tdigest,0.000000,0.000000,0,0,0,0,0,0,0,0,0,0,0,1,0,4.690400000981754,4.690400000981754,4.690400000981754,4.690400000981754,304.0
1775991847,4,GET,algo/range_max_amount,0.000000,0.000000,53,53,53,53,53,53,53,53,53,53,53,1,0,53.00839999836171,53.00839999836171,53.00839999836171,53.00839999836171,184.0
1775991847,4,POST,auth/login,1.000000,0.000000,340,340,340,340,340,340,340,340,340,340,340,2,0,183.76880000141682,259.52954999957,183.76880000141682,335.2902999977232,382.0
1775991847,4,GET,imports/runs,1.000000,0.000000,6,6,6,6,6,6,6,6,6,6,6,2,0,6,6.012149999151006,5.812100000184728,6.212199998117285,792.0
1775991847,4,GET,risk_radar/events,0.000000,0.000000,6,6,6,6,6,6,6,6,6,6,6,3,0,5.192399999941699,5.481766667799093,5.192399999941699,5.786500001704553,359.0
1775991847,4,GET,security/invalid_token_me,0.000000,0.000000,4,4,4,4,4,4,4,4,4,4,4,3,0,3,3.2229000001583095,2.991699999256525,3.6164000011922326,33.0
1775991847,4,GET,security/no_auth_runs,0.000000,0.000000,6,6,6,6,6,6,6,6,6,6,6,3,0,4,4.393399998662062,3.1133999982557725,6.169000000227243,36.0
1775991847,4,POST,setup/index_rebuild,2.000000,0.000000,240,240,240,240,240,240,240,240,240,240,240,2,0,160,196.32319999982428,155.8629999999539,236.78339999969467,248.0
1775991847,4,GET,setup/index_status,2.000000,0.000000,7,7,7,7,7,7,7,7,7,7,7,2,0,4,5.45590000001539,3.579700001864694,7.332099998166086,207.0
1775991847,4,GET,setup/instruments,2.000000,0.000000,28,28,28,28,28,28,28,28,28,28,28,2,0,6,17.011050000292016,5.660899998474633,28.3612000021094,1777.0
1775991847,4,GET,setup/records,2.000000,0.000000,33,33,33,33,33,33,33,33,33,33,33,2,0,5.158699997991789,19.186249997801497,5.158699997991789,33.213799997611204,20967.0
1775991847,4,GET,setup/risk_event,2.000000,0.000000,5,5,5,5,5,5,5,5,5,5,5,2,0,4,4.386450000311015,3.5265000005892944,5.246400000032736,359.0
1775991847,4,POST,setup/security_login,1.000000,0.000000,320,320,320,320,320,320,320,320,320,320,320,2,0,200,256.6799500000343,195.9227999977884,317.4371000022802,382.0
1775991847,4,POST,setup/security_login_attacker,0.000000,0.000000,310,310,310,310,310,310,310,310,310,310,310,2,0,192.58479999916744,250.13859999853594,192.58479999916744,307.69239999790443,426.0
1775991847,4,POST,setup/security_register_attacker,1.000000,0.000000,350,350,350,350,350,350,350,350,350,350,350,2,0,190.68800000241026,271.586800001387,190.68800000241026,352.4856000003638,402.0
1775991847,4,,Aggregated,14.000000,0.000000,6,15,190,310,340,350,350,350,350,350,350,34,0,6,79.54058529385827,2.991699999256525,352.4856000003638,1601.235294117647
1775991848,4,GET,algo/range_kth_persistent,0.500000,0.000000,13,13,15,15,15,15,15,15,15,15,15,4,0,6.0211000018171035,10.24492499891494,6.0211000018171035,15.336799999204231,262.0
1775991848,4,GET,algo/range_kth_tdigest,0.000000,0.000000,5,5,5,5,5,5,5,5,5,5,5,1,0,4.690400000981754,4.690400000981754,4.690400000981754,4.690400000981754,304.0
1775991848,4,GET,algo/range_max_amount,0.500000,0.000000,53,53,53,53,53,53,53,53,53,53,53,1,0,53.00839999836171,53.00839999836171,53.00839999836171,53.00839999836171,184.0
1775991848,4,POST,auth/login,1.000000,0.000000,340,340,340,340,340,340,340,340,340,340,340,2,0,183.76880000141682,259.52954999957,183.76880000141682,335.2902999977232,382.0
1775991848,4,GET,imports/runs,0.500000,0.000000,6,6,6,6,6,6,6,6,6,6,6,3,0,6,6.1356333329361705,5.812100000184728,6.3826000005065,792.0
1775991848,4,GET,risk_radar/events,1.000000,0.000000,6,6,6,6,6,6,6,6,6,6,6,3,0,5.192399999941699,5.481766667799093,5.192399999941699,5.786500001704553,359.0
1775991848,4,GET,security/cross_user_records,0.000000,0.000000,0,0,0,0,0,0,0,0,0,0,0,1,0,14.230099997803336,14.230099997803336,14.230099997803336,14.230099997803336,33.0
1775991848,4,GET,security/invalid_date_range,0.000000,0.000000,0,0,0,0,0,0,0,0,0,0,0,1,0,7.339700001466554,7.339700001466554,7.339700001466554,7.339700001466554,62.0
1775991848,4,GET,security/invalid_k,0.000000,0.000000,0,0,0,0,0,0,0,0,0,0,0,1,0,6.324800000584219,6.324800000584219,6.324800000584219,6.324800000584219,49.0
1775991848,4,GET,security/invalid_token_me,0.500000,0.000000,4,4,4,4,4,4,4,4,4,4,4,3,0,3,3.2229000001583095,2.991699999256525,3.6164000011922326,33.0
1775991848,4,GET,security/no_auth_runs,0.500000,0.000000,4,4,6,6,6,6,6,6,6,6,6,4,0,3.1133999982557725,4.125049998947361,3.1133999982557725,6.169000000227243,36.0
1775991848,4,POST,setup/index_rebuild,1.000000,0.000000,240,240,240,240,240,240,240,240,240,240,240,2,0,160,196.32319999982428,155.8629999999539,236.78339999969467,248.0
1775991848,4,GET,setup/index_status,1.000000,0.000000,7,7,7,7,7,7,7,7,7,7,7,2,0,4,5.45590000001539,3.579700001864694,7.332099998166086,207.0
1775991848,4,GET,setup/instruments,1.000000,0.000000,28,28,28,28,28,28,28,28,28,28,28,2,0,6,17.011050000292016,5.660899998474633,28.3612000021094,1777.0
1775991848,4,GET,setup/records,1.000000,0.000000,33,33,33,33,33,33,33,33,33,33,33,2,0,5.158699997991789,19.186249997801497,5.158699997991789,33.213799997611204,20967.0
1775991848,4,GET,setup/risk_event,1.000000,0.000000,5,5,5,5,5,5,5,5,5,5,5,2,0,4,4.386450000311015,3.5265000005892944,5.246400000032736,359.0
1775991848,4,POST,setup/security_login,1.000000,0.000000,320,320,320,320,320,320,320,320,320,320,320,2,0,200,256.6799500000343,195.9227999977884,317.4371000022802,382.0
1775991848,4,POST,setup/security_login_attacker,0.500000,0.000000,310,310,310,310,310,310,310,310,310,310,310,2,0,192.58479999916744,250.13859999853594,192.58479999916744,307.69239999790443,426.0
1775991848,4,POST,setup/security_register_attacker,1.000000,0.000000,350,350,350,350,350,350,350,350,350,350,350,2,0,190.68800000241026,271.586800001387,190.68800000241026,352.4856000003638,402.0
1775991848,4,GET,trading/records,0.000000,0.000000,0,0,0,0,0,0,0,0,0,0,0,2,0,10,11.222549999729381,9.577499997249106,12.867600002209656,20967.0
1775991848,4,,Aggregated,12.000000,0.000000,6,13,15,53,320,340,350,350,350,350,350,42,0,6,65.96749523781736,2.991699999256525,352.4856000003638,2324.0476190476193
1775991849,4,GET,algo/range_kth_persistent,1.000000,0.000000,13,13,15,15,15,15,15,15,15,15,15,5,0,8,9.801939999306342,6.0211000018171035,15.336799999204231,262.0
1775991849,4,GET,algo/range_kth_tdigest,0.333333,0.000000,7,7,7,7,7,7,7,7,7,7,7,2,0,5,5.68329999987327,4.690400000981754,6.676199998764787,304.0
1775991849,4,GET,algo/range_max_amount,0.333333,0.000000,53,53,53,53,53,53,53,53,53,53,53,1,0,53.00839999836171,53.00839999836171,53.00839999836171,53.00839999836171,184.0
1775991849,4,POST,auth/login,0.666667,0.000000,340,340,340,340,340,340,340,340,340,340,340,2,0,183.76880000141682,259.52954999957,183.76880000141682,335.2902999977232,382.0
1775991849,4,GET,imports/runs,0.333333,0.000000,6,6,6,6,6,6,6,6,6,6,6,4,0,6,6.1738249996778904,5.812100000184728,6.3826000005065,792.0
1775991849,4,GET,risk_radar/events,1.000000,0.000000,6,6,6,6,6,6,6,6,6,6,6,3,0,5.192399999941699,5.481766667799093,5.192399999941699,5.786500001704553,359.0
1775991849,4,GET,risk_radar/overview,0.000000,0.000000,0,0,0,0,0,0,0,0,0,0,0,2,0,5.484599998453632,6.05474999974831,5.484599998453632,6.624900001042988,666.0
1775991849,4,GET,security/cross_user_records,0.000000,0.000000,14,14,14,14,14,14,14,14,14,14,14,1,0,14.230099997803336,14.230099997803336,14.230099997803336,14.230099997803336,33.0
1775991849,4,GET,security/invalid_date_range,0.000000,0.000000,0,0,0,0,0,0,0,0,0,0,0,1,0,7.339700001466554,7.339700001466554,7.339700001466554,7.339700001466554,62.0
1775991849,4,GET,security/invalid_k,0.000000,0.000000,6,6,6,6,6,6,6,6,6,6,6,1,0,6.324800000584219,6.324800000584219,6.324800000584219,6.324800000584219,49.0
1775991849,4,GET,security/invalid_token_me,1.000000,0.000000,3,3,4,4,4,4,4,4,4,4,4,5,0,3,3.237559999251971,2.991699999256525,3.6164000011922326,33.0
1775991849,4,GET,security/no_auth_runs,1.000000,0.000000,4,4,6,6,6,6,6,6,6,6,6,5,0,4,4.011539999191882,3.1133999982557725,6.169000000227243,36.0
1775991849,4,POST,setup/index_rebuild,0.666667,0.000000,240,240,240,240,240,240,240,240,240,240,240,2,0,160,196.32319999982428,155.8629999999539,236.78339999969467,248.0
1775991849,4,GET,setup/index_status,0.666667,0.000000,7,7,7,7,7,7,7,7,7,7,7,2,0,4,5.45590000001539,3.579700001864694,7.332099998166086,207.0
1775991849,4,GET,setup/instruments,0.666667,0.000000,28,28,28,28,28,28,28,28,28,28,28,2,0,6,17.011050000292016,5.660899998474633,28.3612000021094,1777.0
1775991849,4,GET,setup/records,0.666667,0.000000,33,33,33,33,33,33,33,33,33,33,33,2,0,5.158699997991789,19.186249997801497,5.158699997991789,33.213799997611204,20967.0
1775991849,4,GET,setup/risk_event,0.666667,0.000000,5,5,5,5,5,5,5,5,5,5,5,2,0,4,4.386450000311015,3.5265000005892944,5.246400000032736,359.0
1775991849,4,POST,setup/security_login,0.666667,0.000000,320,320,320,320,320,320,320,320,320,320,320,2,0,200,256.6799500000343,195.9227999977884,317.4371000022802,382.0
1775991849,4,POST,setup/security_login_attacker,0.666667,0.000000,310,310,310,310,310,310,310,310,310,310,310,2,0,192.58479999916744,250.13859999853594,192.58479999916744,307.69239999790443,426.0
1775991849,4,POST,setup/security_register_attacker,0.666667,0.000000,350,350,350,350,350,350,350,350,350,350,350,2,0,190.68800000241026,271.586800001387,190.68800000241026,352.4856000003638,402.0
1775991849,4,GET,trading/records,0.000000,0.000000,10,10,10,10,10,10,10,10,10,10,10,3,0,10,10.823066666489467,9.577499997249106,12.867600002209656,20967.0
1775991849,4,,Aggregated,11.000000,0.000000,6,8,13,14,310,340,350,350,350,350,350,51,0,6,55.36940392124177,2.991699999256525,352.4856000003638,2379.7843137254904
1775991850,4,GET,algo/range_kth_persistent,1.000000,0.000000,13,13,15,15,15,15,15,15,15,15,15,5,0,8,9.801939999306342,6.0211000018171035,15.336799999204231,262.0
1775991850,4,GET,algo/range_kth_tdigest,0.250000,0.000000,7,7,7,7,7,7,7,7,7,7,7,3,0,7,6.131966666240866,4.690400000981754,7.029299998976057,304.0
1775991850,4,GET,algo/range_max_amount,0.250000,0.000000,53,53,53,53,53,53,53,53,53,53,53,2,0,13,32.99564999906579,12.98289999976987,53.00839999836171,184.0
1775991850,4,POST,auth/login,0.500000,0.000000,340,340,340,340,340,340,340,340,340,340,340,2,0,183.76880000141682,259.52954999957,183.76880000141682,335.2902999977232,382.0
1775991850,4,GET,imports/runs,0.750000,0.000000,6,6,6,6,6,6,6,6,6,6,6,4,0,6,6.1738249996778904,5.812100000184728,6.3826000005065,792.0
1775991850,4,GET,risk_radar/events,0.750000,0.000000,6,6,6,6,6,6,6,6,6,6,6,3,0,5.192399999941699,5.481766667799093,5.192399999941699,5.786500001704553,359.0
1775991850,4,GET,risk_radar/overview,0.000000,0.000000,6,6,7,7,7,7,7,7,7,7,7,3,0,6,6.026299998969383,5.484599998453632,6.624900001042988,666.0
1775991850,4,GET,security/cross_user_records,0.250000,0.000000,14,14,14,14,14,14,14,14,14,14,14,1,0,14.230099997803336,14.230099997803336,14.230099997803336,14.230099997803336,33.0
1775991850,4,GET,security/invalid_date_range,0.000000,0.000000,9,9,9,9,9,9,9,9,9,9,9,2,0,7.339700001466554,7.966000001033535,7.339700001466554,8.592300000600517,62.0
1775991850,4,GET,security/invalid_k,0.250000,0.000000,6,6,6,6,6,6,6,6,6,6,6,1,0,6.324800000584219,6.324800000584219,6.324800000584219,6.324800000584219,49.0
1775991850,4,GET,security/invalid_token_me,0.750000,0.000000,3,3,4,4,5,5,5,5,5,5,5,7,0,3,3.4902714282257614,2.991699999256525,4.944600001181243,33.0
1775991850,4,GET,security/no_auth_runs,1.000000,0.000000,4,4,6,6,6,6,6,6,6,6,6,5,0,4,4.011539999191882,3.1133999982557725,6.169000000227243,36.0
1775991850,4,POST,setup/index_rebuild,0.500000,0.000000,240,240,240,240,240,240,240,240,240,240,240,2,0,160,196.32319999982428,155.8629999999539,236.78339999969467,248.0
1775991850,4,GET,setup/index_status,0.500000,0.000000,7,7,7,7,7,7,7,7,7,7,7,2,0,4,5.45590000001539,3.579700001864694,7.332099998166086,207.0
1775991850,4,GET,setup/instruments,0.500000,0.000000,28,28,28,28,28,28,28,28,28,28,28,2,0,6,17.011050000292016,5.660899998474633,28.3612000021094,1777.0
1775991850,4,GET,setup/records,0.500000,0.000000,33,33,33,33,33,33,33,33,33,33,33,2,0,5.158699997991789,19.186249997801497,5.158699997991789,33.213799997611204,20967.0
1775991850,4,GET,setup/risk_event,0.500000,0.000000,5,5,5,5,5,5,5,5,5,5,5,2,0,4,4.386450000311015,3.5265000005892944,5.246400000032736,359.0
1775991850,4,POST,setup/security_login,0.500000,0.000000,320,320,320,320,320,320,320,320,320,320,320,2,0,200,256.6799500000343,195.9227999977884,317.4371000022802,382.0
1775991850,4,POST,setup/security_login_attacker,0.500000,0.000000,310,310,310,310,310,310,310,310,310,310,310,2,0,192.58479999916744,250.13859999853594,192.58479999916744,307.69239999790443,426.0
1775991850,4,POST,setup/security_register_attacker,0.500000,0.000000,350,350,350,350,350,350,350,350,350,350,350,2,0,190.68800000241026,271.586800001387,190.68800000241026,352.4856000003638,402.0
1775991850,4,GET,trading/records,0.250000,0.000000,17,17,18,18,18,18,18,18,18,18,18,5,0,13,13.450420001026941,9.577499997249106,17.5656000028539,20967.0
1775991850,4,,Aggregated,10.000000,0.000000,6,9,13,15,190,320,350,350,350,350,350,59,0,6,49.17695762689957,2.991699999256525,352.4856000003638,2789.576271186441
1775991851,4,GET,algo/range_kth_persistent,0.800000,0.000000,13,13,15,15,15,15,15,15,15,15,15,5,0,8,9.801939999306342,6.0211000018171035,15.336799999204231,262.0
1775991851,4,GET,algo/range_kth_tdigest,0.400000,0.000000,7,7,7,7,7,7,7,7,7,7,7,4,0,7,6.321875000139698,4.690400000981754,7.029299998976057,304.0
1775991851,4,GET,algo/range_max_amount,0.200000,0.000000,13,13,53,53,53,53,53,53,53,53,53,3,0,13,24.215933332015993,6.656499997916399,53.00839999836171,184.0
1775991851,4,POST,auth/login,0.400000,0.000000,340,340,340,340,340,340,340,340,340,340,340,2,0,183.76880000141682,259.52954999957,183.76880000141682,335.2902999977232,382.0
1775991851,4,GET,imports/runs,0.600000,0.000000,6,6,6,8,8,8,8,8,8,8,8,5,0,6,6.468739999399986,5.812100000184728,7.648399998288369,792.0
1775991851,4,GET,risk_radar/events,0.600000,0.000000,6,6,6,6,6,6,6,6,6,6,6,3,0,5.192399999941699,5.481766667799093,5.192399999941699,5.786500001704553,359.0
1775991851,4,GET,risk_radar/overview,0.400000,0.000000,7,7,8,8,8,8,8,8,8,8,8,4,0,6,6.604324998988886,5.484599998453632,8.338399999047397,666.0
1775991851,4,GET,security/cross_user_records,0.200000,0.000000,14,14,14,14,14,14,14,14,14,14,14,2,0,5.15859999723034,9.694349997516838,5.15859999723034,14.230099997803336,33.0
1775991851,4,GET,security/invalid_date_range,0.200000,0.000000,9,9,9,9,9,9,9,9,9,9,9,2,0,7.339700001466554,7.966000001033535,7.339700001466554,8.592300000600517,62.0
1775991851,4,GET,security/invalid_k,0.200000,0.000000,6,6,6,6,6,6,6,6,6,6,6,2,0,5.096199998661177,5.710499999622698,5.096199998661177,6.324800000584219,49.0
1775991851,4,GET,security/invalid_token_me,1.000000,0.000000,3,3,4,4,5,5,5,5,5,5,5,9,0,3,3.4042888886081832,2.977600001031533,4.944600001181243,33.0
1775991851,4,GET,security/no_auth_runs,0.800000,0.000000,4,4,6,6,6,6,6,6,6,6,6,5,0,4,4.011539999191882,3.1133999982557725,6.169000000227243,36.0
1775991851,4,POST,setup/index_rebuild,0.400000,0.000000,240,240,240,240,240,240,240,240,240,240,240,2,0,160,196.32319999982428,155.8629999999539,236.78339999969467,248.0
1775991851,4,GET,setup/index_status,0.400000,0.000000,7,7,7,7,7,7,7,7,7,7,7,2,0,4,5.45590000001539,3.579700001864694,7.332099998166086,207.0
1775991851,4,GET,setup/instruments,0.400000,0.000000,28,28,28,28,28,28,28,28,28,28,28,2,0,6,17.011050000292016,5.660899998474633,28.3612000021094,1777.0
1775991851,4,GET,setup/records,0.400000,0.000000,33,33,33,33,33,33,33,33,33,33,33,2,0,5.158699997991789,19.186249997801497,5.158699997991789,33.213799997611204,20967.0
1775991851,4,GET,setup/risk_event,0.400000,0.000000,5,5,5,5,5,5,5,5,5,5,5,2,0,4,4.386450000311015,3.5265000005892944,5.246400000032736,359.0
1775991851,4,POST,setup/security_login,0.400000,0.000000,320,320,320,320,320,320,320,320,320,320,320,2,0,200,256.6799500000343,195.9227999977884,317.4371000022802,382.0
1775991851,4,POST,setup/security_login_attacker,0.400000,0.000000,310,310,310,310,310,310,310,310,310,310,310,2,0,192.58479999916744,250.13859999853594,192.58479999916744,307.69239999790443,426.0
1775991851,4,POST,setup/security_register_attacker,0.400000,0.000000,350,350,350,350,350,350,350,350,350,350,350,2,0,190.68800000241026,271.586800001387,190.68800000241026,352.4856000003638,402.0
1775991851,4,GET,trading/records,0.600000,0.000000,10,17,17,18,18,18,18,18,18,18,18,6,0,10,12.868483334386838,9.577499997249106,17.5656000028539,20967.0
1775991851,4,,Aggregated,9.600000,0.000000,6,8,10,13,53,320,340,350,350,350,350,68,0,6,43.491113235016684,2.977600001031533,352.4856000003638,2759.5
1775991852,4,GET,algo/range_kth_persistent,0.833333,0.000000,10,13,13,15,15,15,15,15,15,15,15,6,0,8,9.868299999046334,6.0211000018171035,15.336799999204231,262.0
1775991852,4,GET,algo/range_kth_tdigest,0.333333,0.000000,7,7,7,8,8,8,8,8,8,8,8,5,0,7,6.692640000255778,4.690400000981754,8.175700000720099,304.0
1775991852,4,GET,algo/range_max_amount,0.333333,0.000000,13,13,53,53,53,53,53,53,53,53,53,4,0,13,21.398849999059166,6.656499997916399,53.00839999836171,184.0
1775991852,4,POST,auth/login,0.333333,0.000000,340,340,340,340,340,340,340,340,340,340,340,2,0,183.76880000141682,259.52954999957,183.76880000141682,335.2902999977232,382.0
1775991852,4,GET,imports/runs,0.666667,0.000000,6,6,6,8,8,8,8,8,8,8,8,5,0,6,6.468739999399986,5.812100000184728,7.648399998288369,792.0
1775991852,4,GET,risk_radar/events,0.500000,0.000000,6,6,6,6,6,6,6,6,6,6,6,3,0,5.192399999941699,5.481766667799093,5.192399999941699,5.786500001704553,359.0
1775991852,4,GET,risk_radar/overview,0.333333,0.000000,6,7,7,8,8,8,8,8,8,8,8,5,0,6,6.270899999071844,4.937199999403674,8.338399999047397,666.0
1775991852,4,GET,security/cross_user_records,0.166667,0.000000,14,14,14,14,14,14,14,14,14,14,14,2,0,5.15859999723034,9.694349997516838,5.15859999723034,14.230099997803336,33.0
1775991852,4,GET,security/invalid_date_range,0.166667,0.000000,9,9,9,9,9,9,9,9,9,9,9,2,0,7.339700001466554,7.966000001033535,7.339700001466554,8.592300000600517,62.0
1775991852,4,GET,security/invalid_k,0.166667,0.000000,6,6,6,6,6,6,6,6,6,6,6,2,0,5.096199998661177,5.710499999622698,5.096199998661177,6.324800000584219,49.0
1775991852,4,GET,security/invalid_token_me,1.000000,0.000000,3,4,4,4,4,5,5,5,5,5,5,12,0,3,3.5033333330526752,2.977600001031533,4.944600001181243,33.0
1775991852,4,GET,security/no_auth_runs,0.833333,0.000000,4,4,4,6,6,6,6,6,6,6,6,6,0,3,3.80826666575255,2.791899998555891,6.169000000227243,36.0
1775991852,4,POST,setup/index_rebuild,0.333333,0.000000,240,240,240,240,240,240,240,240,240,240,240,2,0,160,196.32319999982428,155.8629999999539,236.78339999969467,248.0
1775991852,4,GET,setup/index_status,0.333333,0.000000,7,7,7,7,7,7,7,7,7,7,7,2,0,4,5.45590000001539,3.579700001864694,7.332099998166086,207.0
1775991852,4,GET,setup/instruments,0.333333,0.000000,28,28,28,28,28,28,28,28,28,28,28,2,0,6,17.011050000292016,5.660899998474633,28.3612000021094,1777.0
1775991852,4,GET,setup/records,0.333333,0.000000,33,33,33,33,33,33,33,33,33,33,33,2,0,5.158699997991789,19.186249997801497,5.158699997991789,33.213799997611204,20967.0
1775991852,4,GET,setup/risk_event,0.333333,0.000000,5,5,5,5,5,5,5,5,5,5,5,2,0,4,4.386450000311015,3.5265000005892944,5.246400000032736,359.0
1775991852,4,POST,setup/security_login,0.333333,0.000000,320,320,320,320,320,320,320,320,320,320,320,2,0,200,256.6799500000343,195.9227999977884,317.4371000022802,382.0
1775991852,4,POST,setup/security_login_attacker,0.333333,0.000000,310,310,310,310,310,310,310,310,310,310,310,2,0,192.58479999916744,250.13859999853594,192.58479999916744,307.69239999790443,426.0
1775991852,4,POST,setup/security_register_attacker,0.333333,0.000000,350,350,350,350,350,350,350,350,350,350,350,2,0,190.68800000241026,271.586800001387,190.68800000241026,352.4856000003638,402.0
1775991852,4,GET,trading/records,0.833333,0.000000,10,10,17,17,18,18,18,18,18,18,18,7,0,10,12.280800000943211,8.754700000281446,17.5656000028539,20967.0
1775991852,4,,Aggregated,9.166667,0.000000,6,8,10,13,18,310,340,350,350,350,350,77,0,6,39.176679220482974,2.791899998555891,352.4856000003638,2729.4025974025976
1775991853,4,GET,algo/range_kth_persistent,0.714286,0.000000,10,13,13,15,15,15,15,15,15,15,15,6,0,8,9.868299999046334,6.0211000018171035,15.336799999204231,262.0
1775991853,4,GET,algo/range_kth_tdigest,0.571429,0.000000,7,7,8,8,14,14,14,14,14,14,14,7,0,7,7.655014286033942,4.690400000981754,13.932300000305986,304.0
1775991853,4,GET,algo/range_max_amount,0.428571,0.000000,13,13,53,53,53,53,53,53,53,53,53,4,0,13,21.398849999059166,6.656499997916399,53.00839999836171,184.0
1775991853,4,POST,auth/login,0.285714,0.000000,340,340,340,340,340,340,340,340,340,340,340,2,0,183.76880000141682,259.52954999957,183.76880000141682,335.2902999977232,382.0
1775991853,4,GET,imports/runs,0.571429,0.000000,6,6,6,6,8,8,8,8,8,8,8,6,0,6,6.471499999558243,5.812100000184728,7.648399998288369,792.0
1775991853,4,GET,risk_radar/event_context,0.000000,0.000000,0,0,0,0,0,0,0,0,0,0,0,2,0,5.451400000310969,6.379799999194802,5.451400000310969,7.308199998078635,1843.0
1775991853,4,GET,risk_radar/events,0.428571,0.000000,6,6,6,6,6,6,6,6,6,6,6,3,0,5.192399999941699,5.481766667799093,5.192399999941699,5.786500001704553,359.0
1775991853,4,GET,risk_radar/overview,0.428571,0.000000,6,7,7,8,8,8,8,8,8,8,8,5,0,6,6.270899999071844,4.937199999403674,8.338399999047397,666.0
1775991853,4,GET,security/cross_user_records,0.285714,0.000000,14,14,14,14,14,14,14,14,14,14,14,2,0,5.15859999723034,9.694349997516838,5.15859999723034,14.230099997803336,33.0
1775991853,4,GET,security/invalid_date_range,0.285714,0.000000,9,9,9,9,9,9,9,9,9,9,9,2,0,7.339700001466554,7.966000001033535,7.339700001466554,8.592300000600517,62.0
1775991853,4,GET,security/invalid_k,0.142857,0.000000,6,6,6,6,6,6,6,6,6,6,6,2,0,5.096199998661177,5.710499999622698,5.096199998661177,6.324800000584219,49.0
1775991853,4,GET,security/invalid_token_me,1.142857,0.000000,3,4,4,4,4,5,5,5,5,5,5,12,0,3,3.5033333330526752,2.977600001031533,4.944600001181243,33.0
1775991853,4,GET,security/no_auth_runs,0.714286,0.000000,3,4,4,4,6,6,6,6,6,6,6,9,0,3,3.4785999996529426,2.4217999998654705,6.169000000227243,36.0
1775991853,4,POST,setup/index_rebuild,0.285714,0.000000,240,240,240,240,240,240,240,240,240,240,240,2,0,160,196.32319999982428,155.8629999999539,236.78339999969467,248.0
1775991853,4,GET,setup/index_status,0.285714,0.000000,7,7,7,7,7,7,7,7,7,7,7,2,0,4,5.45590000001539,3.579700001864694,7.332099998166086,207.0
1775991853,4,GET,setup/instruments,0.285714,0.000000,28,28,28,28,28,28,28,28,28,28,28,2,0,6,17.011050000292016,5.660899998474633,28.3612000021094,1777.0
1775991853,4,GET,setup/records,0.285714,0.000000,33,33,33,33,33,33,33,33,33,33,33,2,0,5.158699997991789,19.186249997801497,5.158699997991789,33.213799997611204,20967.0
1775991853,4,GET,setup/risk_event,0.285714,0.000000,5,5,5,5,5,5,5,5,5,5,5,2,0,4,4.386450000311015,3.5265000005892944,5.246400000032736,359.0
1775991853,4,POST,setup/security_login,0.285714,0.000000,320,320,320,320,320,320,320,320,320,320,320,2,0,200,256.6799500000343,195.9227999977884,317.4371000022802,382.0
1775991853,4,POST,setup/security_login_attacker,0.285714,0.000000,310,310,310,310,310,310,310,310,310,310,310,2,0,192.58479999916744,250.13859999853594,192.58479999916744,307.69239999790443,426.0
1775991853,4,POST,setup/security_register_attacker,0.285714,0.000000,350,350,350,350,350,350,350,350,350,350,350,2,0,190.68800000241026,271.586800001387,190.68800000241026,352.4856000003638,402.0
1775991853,4,GET,trading/records,0.714286,0.000000,10,10,17,17,18,18,18,18,18,18,18,7,0,10,12.280800000943211,8.754700000281446,17.5656000028539,20967.0
1775991853,4,,Aggregated,9.000000,0.000000,6,8,10,13,17,310,340,350,350,350,350,85,0,6,36.052104705638214,2.4217999998654705,352.4856000003638,2533.6235294117646
1775991854,4,GET,algo/range_kth_persistent,0.750000,0.000000,10,13,13,15,15,15,15,15,15,15,15,6,0,8,9.868299999046334,6.0211000018171035,15.336799999204231,262.0
1775991854,4,GET,algo/range_kth_tdigest,0.500000,0.000000,7,7,8,8,14,14,14,14,14,14,14,8,0,7,7.5430374999996275,4.690400000981754,13.932300000305986,304.0
1775991854,4,GET,algo/range_max_amount,0.500000,0.000000,13,13,53,53,53,53,53,53,53,53,53,4,0,13,21.398849999059166,6.656499997916399,53.00839999836171,184.0
1775991854,4,POST,auth/login,0.250000,0.000000,340,340,340,340,340,340,340,340,340,340,340,2,0,183.76880000141682,259.52954999957,183.76880000141682,335.2902999977232,382.0
1775991854,4,GET,imports/runs,0.625000,0.000000,6,6,8,8,8,8,8,8,8,8,8,7,0,6,6.628299999387569,5.812100000184728,7.648399998288369,792.0
1775991854,4,GET,risk_radar/event_context,0.000000,0.000000,8,8,8,8,8,8,8,8,8,8,8,3,0,7,7.075133333273698,5.451400000310969,8.46580000143149,1843.0
1775991854,4,GET,risk_radar/events,0.375000,0.000000,6,6,6,6,6,6,6,6,6,6,6,3,0,5.192399999941699,5.481766667799093,5.192399999941699,5.786500001704553,359.0
1775991854,4,GET,risk_radar/overview,0.500000,0.000000,6,7,7,8,8,8,8,8,8,8,8,5,0,6,6.270899999071844,4.937199999403674,8.338399999047397,666.0
1775991854,4,GET,security/cross_user_records,0.250000,0.000000,14,14,14,14,14,14,14,14,14,14,14,2,0,5.15859999723034,9.694349997516838,5.15859999723034,14.230099997803336,33.0
1775991854,4,GET,security/invalid_date_range,0.250000,0.000000,9,9,10,10,10,10,10,10,10,10,10,3,0,9,8.500833333528135,7.339700001466554,9.570499998517334,62.0
1775991854,4,GET,security/invalid_k,0.250000,0.000000,6,6,6,6,6,6,6,6,6,6,6,2,0,5.096199998661177,5.710499999622698,5.096199998661177,6.324800000584219,49.0
1775991854,4,GET,security/invalid_token_me,1.375000,0.000000,3,4,4,4,4,5,5,5,5,5,5,12,0,3,3.5033333330526752,2.977600001031533,4.944600001181243,33.0
1775991854,4,GET,security/no_auth_runs,0.625000,0.000000,3,4,4,4,6,8,8,8,8,8,8,12,0,3,3.752166666648312,2.4217999998654705,7.982099999935599,36.0
1775991854,4,POST,setup/index_rebuild,0.250000,0.000000,240,240,240,240,240,240,240,240,240,240,240,2,0,160,196.32319999982428,155.8629999999539,236.78339999969467,248.0
1775991854,4,GET,setup/index_status,0.250000,0.000000,7,7,7,7,7,7,7,7,7,7,7,2,0,4,5.45590000001539,3.579700001864694,7.332099998166086,207.0
1775991854,4,GET,setup/instruments,0.250000,0.000000,28,28,28,28,28,28,28,28,28,28,28,2,0,6,17.011050000292016,5.660899998474633,28.3612000021094,1777.0
1775991854,4,GET,setup/records,0.250000,0.000000,33,33,33,33,33,33,33,33,33,33,33,2,0,5.158699997991789,19.186249997801497,5.158699997991789,33.213799997611204,20967.0
1775991854,4,GET,setup/risk_event,0.250000,0.000000,5,5,5,5,5,5,5,5,5,5,5,2,0,4,4.386450000311015,3.5265000005892944,5.246400000032736,359.0
1775991854,4,POST,setup/security_login,0.250000,0.000000,320,320,320,320,320,320,320,320,320,320,320,2,0,200,256.6799500000343,195.9227999977884,317.4371000022802,382.0
1775991854,4,POST,setup/security_login_attacker,0.250000,0.000000,310,310,310,310,310,310,310,310,310,310,310,2,0,192.58479999916744,250.13859999853594,192.58479999916744,307.69239999790443,426.0
1775991854,4,POST,setup/security_register_attacker,0.250000,0.000000,350,350,350,350,350,350,350,350,350,350,350,2,0,190.68800000241026,271.586800001387,190.68800000241026,352.4856000003638,402.0
1775991854,4,GET,trading/records,0.875000,0.000000,10,10,17,17,18,18,18,18,18,18,18,8,0,10,12.030600000798586,8.754700000281446,17.5656000028539,20967.0
1775991854,4,,Aggregated,9.125000,0.000000,6,8,10,10,17,310,340,350,350,350,350,93,0,6,33.55689569868827,2.4217999998654705,352.4856000003638,2574.559139784946
1775991855,4,GET,algo/range_kth_persistent,0.666667,0.000000,10,13,13,15,15,15,15,15,15,15,15,6,0,8,9.868299999046334,6.0211000018171035,15.336799999204231,262.0
1775991855,4,GET,algo/range_kth_tdigest,0.555556,0.000000,7,7,8,9,14,14,14,14,14,14,14,10,0,7,7.649419999870588,4.690400000981754,13.932300000305986,304.0
1775991855,4,GET,algo/range_max_amount,0.444444,0.000000,13,13,53,53,53,53,53,53,53,53,53,4,0,13,21.398849999059166,6.656499997916399,53.00839999836171,184.0
1775991855,4,POST,auth/login,0.222222,0.000000,340,340,340,340,340,340,340,340,340,340,340,2,0,183.76880000141682,259.52954999957,183.76880000141682,335.2902999977232,382.0
1775991855,4,GET,imports/runs,0.666667,0.000000,6,6,8,8,8,8,8,8,8,8,8,7,0,6,6.628299999387569,5.812100000184728,7.648399998288369,792.0
1775991855,4,GET,risk_radar/event_context,0.111111,0.000000,8,8,8,8,8,8,8,8,8,8,8,3,0,7,7.075133333273698,5.451400000310969,8.46580000143149,1843.0
1775991855,4,GET,risk_radar/events,0.333333,0.000000,6,6,6,6,6,6,6,6,6,6,6,3,0,5.192399999941699,5.481766667799093,5.192399999941699,5.786500001704553,359.0
1775991855,4,GET,risk_radar/overview,0.555556,0.000000,6,6,7,7,8,8,8,8,8,8,8,6,0,5,6.066016665499774,4.937199999403674,8.338399999047397,666.0
1775991855,4,GET,security/cross_user_records,0.222222,0.000000,14,14,14,14,14,14,14,14,14,14,14,2,0,5.15859999723034,9.694349997516838,5.15859999723034,14.230099997803336,33.0
1775991855,4,GET,security/invalid_date_range,0.222222,0.000000,9,9,10,10,10,10,10,10,10,10,10,3,0,9,8.500833333528135,7.339700001466554,9.570499998517334,62.0
1775991855,4,GET,security/invalid_k,0.222222,0.000000,6,6,7,7,7,7,7,7,7,7,7,3,0,6,6.052233332108396,5.096199998661177,6.7356999970797915,49.0
1775991855,4,GET,security/invalid_token_me,1.333333,0.000000,3,3,4,4,4,5,5,5,5,5,5,13,0,3,3.4747846150891677,2.977600001031533,4.944600001181243,33.0
1775991855,4,GET,security/no_auth_runs,0.777778,0.000000,3,4,4,6,7,8,8,8,8,8,8,14,0,3,3.985371428695674,2.4217999998654705,7.982099999935599,36.0
1775991855,4,POST,setup/index_rebuild,0.222222,0.000000,240,240,240,240,240,240,240,240,240,240,240,2,0,160,196.32319999982428,155.8629999999539,236.78339999969467,248.0
1775991855,4,GET,setup/index_status,0.222222,0.000000,7,7,7,7,7,7,7,7,7,7,7,2,0,4,5.45590000001539,3.579700001864694,7.332099998166086,207.0
1775991855,4,GET,setup/instruments,0.222222,0.000000,28,28,28,28,28,28,28,28,28,28,28,2,0,6,17.011050000292016,5.660899998474633,28.3612000021094,1777.0
1775991855,4,GET,setup/records,0.222222,0.000000,33,33,33,33,33,33,33,33,33,33,33,2,0,5.158699997991789,19.186249997801497,5.158699997991789,33.213799997611204,20967.0
1775991855,4,GET,setup/risk_event,0.222222,0.000000,5,5,5,5,5,5,5,5,5,5,5,2,0,4,4.386450000311015,3.5265000005892944,5.246400000032736,359.0
1775991855,4,POST,setup/security_login,0.222222,0.000000,320,320,320,320,320,320,320,320,320,320,320,2,0,200,256.6799500000343,195.9227999977884,317.4371000022802,382.0
1775991855,4,POST,setup/security_login_attacker,0.222222,0.000000,310,310,310,310,310,310,310,310,310,310,310,2,0,192.58479999916744,250.13859999853594,192.58479999916744,307.69239999790443,426.0
1775991855,4,POST,setup/security_register_attacker,0.222222,0.000000,350,350,350,350,350,350,350,350,350,350,350,2,0,190.68800000241026,271.586800001387,190.68800000241026,352.4856000003638,402.0
1775991855,4,GET,trading/records,0.777778,0.000000,10,17,17,17,18,18,18,18,18,18,18,9,0,10,12.601022222952452,8.754700000281446,17.5656000028539,20967.0
1775991855,4,,Aggregated,8.888889,0.000000,6,8,9,10,13,17,18,310,310,310,310,101,0,7,31.483012871020865,2.4217999998654705,352.4856000003638,2592.366336633663
1775991856,4,GET,algo/range_kth_persistent,0.600000,0.000000,8,8,10,10,10,10,10,10,10,10,10,6,0,8,9.868299999046334,6.0211000018171035,15.336799999204231,262.0
1775991856,4,GET,algo/range_kth_tdigest,0.700000,0.000000,7,8,9,9,9,14,14,14,14,14,14,11,0,7,7.777527272661576,4.690400000981754,13.932300000305986,304.0
1775991856,4,GET,algo/range_max_amount,0.400000,0.000000,13,13,53,53,53,53,53,53,53,53,53,4,0,13,21.398849999059166,6.656499997916399,53.00839999836171,184.0
1775991856,4,POST,auth/login,0.200000,0.000000,340,340,340,340,340,340,340,340,340,340,340,2,0,183.76880000141682,259.52954999957,183.76880000141682,335.2902999977232,382.0
1775991856,4,GET,imports/runs,0.700000,0.000000,6,6,8,8,8,8,8,8,8,8,8,7,0,6,6.628299999387569,5.812100000184728,7.648399998288369,792.0
1775991856,4,GET,risk_radar/event_context,0.200000,0.000000,8,8,8,8,8,8,8,8,8,8,8,3,0,7,7.075133333273698,5.451400000310969,8.46580000143149,1843.0
1775991856,4,GET,risk_radar/events,0.300000,0.000000,7,7,7,7,7,7,7,7,7,7,7,4,0,5.192399999941699,5.743275000895665,5.192399999941699,6.52780000018538,359.0
1775991856,4,GET,risk_radar/overview,0.500000,0.000000,5,6,7,7,8,8,8,8,8,8,8,7,0,5,5.939242856194531,4.937199999403674,8.338399999047397,666.0
1775991856,4,GET,security/cross_user_records,0.200000,0.000000,6,6,14,14,14,14,14,14,14,14,14,4,0,5.047900001954986,7.625774999723944,5.047900001954986,14.230099997803336,33.0
1775991856,4,GET,security/invalid_date_range,0.300000,0.000000,9,9,10,10,10,10,10,10,10,10,10,3,0,9,8.500833333528135,7.339700001466554,9.570499998517334,62.0
1775991856,4,GET,security/invalid_k,0.200000,0.000000,6,6,7,7,7,7,7,7,7,7,7,4,0,6,5.9349499988456955,5.096199998661177,6.7356999970797915,49.0
1775991856,4,GET,security/invalid_token_me,1.200000,0.000000,3,3,4,4,4,5,5,5,5,5,5,13,0,3,3.4747846150891677,2.977600001031533,4.944600001181243,33.0
1775991856,4,GET,security/no_auth_runs,1.000000,0.000000,3,4,4,4,7,8,8,8,8,8,8,15,0,3,4.014646666716241,2.4217999998654705,7.982099999935599,36.0
1775991856,4,POST,setup/index_rebuild,0.200000,0.000000,240,240,240,240,240,240,240,240,240,240,240,2,0,160,196.32319999982428,155.8629999999539,236.78339999969467,248.0
1775991856,4,GET,setup/index_status,0.200000,0.000000,7,7,7,7,7,7,7,7,7,7,7,2,0,4,5.45590000001539,3.579700001864694,7.332099998166086,207.0
1775991856,4,GET,setup/instruments,0.200000,0.000000,28,28,28,28,28,28,28,28,28,28,28,2,0,6,17.011050000292016,5.660899998474633,28.3612000021094,1777.0
1775991856,4,GET,setup/records,0.200000,0.000000,33,33,33,33,33,33,33,33,33,33,33,2,0,5.158699997991789,19.186249997801497,5.158699997991789,33.213799997611204,20967.0
1775991856,4,GET,setup/risk_event,0.200000,0.000000,5,5,5,5,5,5,5,5,5,5,5,2,0,4,4.386450000311015,3.5265000005892944,5.246400000032736,359.0
1775991856,4,POST,setup/security_login,0.200000,0.000000,320,320,320,320,320,320,320,320,320,320,320,2,0,200,256.6799500000343,195.9227999977884,317.4371000022802,382.0
1775991856,4,POST,setup/security_login_attacker,0.200000,0.000000,310,310,310,310,310,310,310,310,310,310,310,2,0,192.58479999916744,250.13859999853594,192.58479999916744,307.69239999790443,426.0
1775991856,4,POST,setup/security_register_attacker,0.200000,0.000000,350,350,350,350,350,350,350,350,350,350,350,2,0,190.68800000241026,271.586800001387,190.68800000241026,352.4856000003638,402.0
1775991856,4,GET,trading/records,0.800000,0.000000,10,10,17,17,18,18,18,18,18,18,18,10,0,10,12.153500000931672,8.125800002744654,17.5656000028539,20967.0
1775991856,4,,Aggregated,8.900000,0.000000,7,8,8,9,13,14,17,18,18,18,18,109,0,6,29.631166054852255,2.4217999998654705,352.4856000003638,2608.0366972477063
1775991857,4,GET,algo/range_kth_persistent,0.600000,0.000000,8,8,10,10,10,10,10,10,10,10,10,7,0,8,9.551228570282026,6.0211000018171035,15.336799999204231,262.0
1775991857,4,GET,algo/range_kth_tdigest,0.900000,0.000000,7,9,9,9,9,14,14,14,14,14,14,12,0,7,7.894416666810382,4.690400000981754,13.932300000305986,304.0
1775991857,4,GET,algo/range_max_amount,0.400000,0.000000,13,13,13,13,13,13,13,13,13,13,13,5,0,13,18.726499999320367,6.656499997916399,53.00839999836171,184.0
1775991857,4,POST,auth/login,0.100000,0.000000,340,340,340,340,340,340,340,340,340,340,340,2,0,183.76880000141682,259.52954999957,183.76880000141682,335.2902999977232,382.0
1775991857,4,GET,imports/runs,0.600000,0.000000,6,6,8,8,8,8,8,8,8,8,8,7,0,6,6.628299999387569,5.812100000184728,7.648399998288369,792.0
1775991857,4,GET,risk_radar/event_context,0.300000,0.000000,8,8,8,8,8,8,8,8,8,8,8,3,0,7,7.075133333273698,5.451400000310969,8.46580000143149,1843.0
1775991857,4,GET,risk_radar/events,0.300000,0.000000,7,7,7,7,7,7,7,7,7,7,7,4,0,5.192399999941699,5.743275000895665,5.192399999941699,6.52780000018538,359.0
1775991857,4,GET,risk_radar/overview,0.600000,0.000000,5,6,7,7,8,8,8,8,8,8,8,7,0,5,5.939242856194531,4.937199999403674,8.338399999047397,666.0
1775991857,4,GET,security/cross_user_records,0.200000,0.000000,6,6,6,14,14,14,14,14,14,14,14,5,0,6,7.252460000017891,5.047900001954986,14.230099997803336,33.0
1775991857,4,GET,security/invalid_date_range,0.300000,0.000000,9,9,10,10,10,10,10,10,10,10,10,3,0,9,8.500833333528135,7.339700001466554,9.570499998517334,62.0
1775991857,4,GET,security/invalid_k,0.300000,0.000000,6,7,7,10,10,10,10,10,10,10,10,5,0,6,6.833019998884993,5.096199998661177,10.425299999042181,49.0
1775991857,4,GET,security/invalid_token_me,1.300000,0.000000,3,3,4,4,4,5,5,5,5,5,5,14,0,3,3.446785714134291,2.977600001031533,4.944600001181243,33.0
1775991857,4,GET,security/no_auth_runs,1.200000,0.000000,3,4,4,4,7,8,8,8,8,8,8,15,0,3,4.014646666716241,2.4217999998654705,7.982099999935599,36.0
1775991857,4,POST,setup/index_rebuild,0.000000,0.000000,240,240,240,240,240,240,240,240,240,240,240,2,0,160,196.32319999982428,155.8629999999539,236.78339999969467,248.0
1775991857,4,GET,setup/index_status,0.000000,0.000000,7,7,7,7,7,7,7,7,7,7,7,2,0,4,5.45590000001539,3.579700001864694,7.332099998166086,207.0
1775991857,4,GET,setup/instruments,0.000000,0.000000,28,28,28,28,28,28,28,28,28,28,28,2,0,6,17.011050000292016,5.660899998474633,28.3612000021094,1777.0
1775991857,4,GET,setup/records,0.000000,0.000000,33,33,33,33,33,33,33,33,33,33,33,2,0,5.158699997991789,19.186249997801497,5.158699997991789,33.213799997611204,20967.0
1775991857,4,GET,setup/risk_event,0.000000,0.000000,5,5,5,5,5,5,5,5,5,5,5,2,0,4,4.386450000311015,3.5265000005892944,5.246400000032736,359.0
1775991857,4,POST,setup/security_login,0.100000,0.000000,320,320,320,320,320,320,320,320,320,320,320,2,0,200,256.6799500000343,195.9227999977884,317.4371000022802,382.0
1775991857,4,POST,setup/security_login_attacker,0.200000,0.000000,310,310,310,310,310,310,310,310,310,310,310,2,0,192.58479999916744,250.13859999853594,192.58479999916744,307.69239999790443,426.0
1775991857,4,POST,setup/security_register_attacker,0.100000,0.000000,350,350,350,350,350,350,350,350,350,350,350,2,0,190.68800000241026,271.586800001387,190.68800000241026,352.4856000003638,402.0
1775991857,4,GET,trading/records,0.800000,0.000000,10,10,17,17,18,18,18,18,18,18,18,11,0,10,11.97026363727425,8.125800002744654,17.5656000028539,20967.0
1775991857,4,,Aggregated,8.300000,0.000000,7,8,9,9,10,14,17,18,18,18,18,116,0,7,28.310934482603976,2.4217999998654705,352.4856000003638,2638.862068965517
1775991858,4,GET,algo/range_kth_persistent,0.500000,0.000000,8,8,10,10,10,10,10,10,10,10,10,7,0,8,9.551228570282026,6.0211000018171035,15.336799999204231,262.0
1775991858,4,GET,algo/range_kth_tdigest,1.100000,0.000000,7,9,9,9,9,14,14,14,14,14,14,12,0,7,7.894416666810382,4.690400000981754,13.932300000305986,304.0
1775991858,4,GET,algo/range_max_amount,0.300000,0.000000,7,8,13,13,13,13,13,13,13,13,13,8,0,7,14.19426249958633,6.076400000893045,53.00839999836171,184.0
1775991858,4,POST,auth/login,0.000000,0.000000,340,340,340,340,340,340,340,340,340,340,340,2,0,183.76880000141682,259.52954999957,183.76880000141682,335.2902999977232,382.0
1775991858,4,GET,imports/runs,0.600000,0.000000,8,8,8,9,9,9,9,9,9,9,9,8,0,6,6.902237499616604,5.812100000184728,8.819800001219846,792.0
1775991858,4,GET,risk_radar/event_context,0.300000,0.000000,8,8,8,8,8,8,8,8,8,8,8,3,0,7,7.075133333273698,5.451400000310969,8.46580000143149,1843.0
1775991858,4,GET,risk_radar/events,0.100000,0.000000,7,7,7,7,7,7,7,7,7,7,7,4,0,5.192399999941699,5.743275000895665,5.192399999941699,6.52780000018538,359.0
1775991858,4,GET,risk_radar/overview,0.600000,0.000000,5,6,7,7,8,8,8,8,8,8,8,7,0,5,5.939242856194531,4.937199999403674,8.338399999047397,666.0
1775991858,4,GET,security/cross_user_records,0.300000,0.000000,6,6,6,14,14,14,14,14,14,14,14,5,0,6,7.252460000017891,5.047900001954986,14.230099997803336,33.0
1775991858,4,GET,security/invalid_date_range,0.300000,0.000000,9,9,10,10,10,10,10,10,10,10,10,3,0,9,8.500833333528135,7.339700001466554,9.570499998517334,62.0
1775991858,4,GET,security/invalid_k,0.300000,0.000000,7,7,8,8,10,10,10,10,10,10,10,6,0,6,7.107849999253328,5.096199998661177,10.425299999042181,49.0
1775991858,4,GET,security/invalid_token_me,1.200000,0.000000,3,3,4,4,5,5,5,5,5,5,5,15,0,3,3.4489266666544913,2.977600001031533,4.944600001181243,33.0
1775991858,4,GET,security/no_auth_runs,1.400000,0.000000,3,4,4,4,7,8,8,8,8,8,8,17,0,3,3.959911764575415,2.4217999998654705,7.982099999935599,36.0
1775991858,4,POST,setup/index_rebuild,0.000000,0.000000,240,240,240,240,240,240,240,240,240,240,240,2,0,160,196.32319999982428,155.8629999999539,236.78339999969467,248.0
1775991858,4,GET,setup/index_status,0.000000,0.000000,7,7,7,7,7,7,7,7,7,7,7,2,0,4,5.45590000001539,3.579700001864694,7.332099998166086,207.0
1775991858,4,GET,setup/instruments,0.000000,0.000000,28,28,28,28,28,28,28,28,28,28,28,2,0,6,17.011050000292016,5.660899998474633,28.3612000021094,1777.0
1775991858,4,GET,setup/records,0.000000,0.000000,33,33,33,33,33,33,33,33,33,33,33,2,0,5.158699997991789,19.186249997801497,5.158699997991789,33.213799997611204,20967.0
1775991858,4,GET,setup/risk_event,0.000000,0.000000,5,5,5,5,5,5,5,5,5,5,5,2,0,4,4.386450000311015,3.5265000005892944,5.246400000032736,359.0
1775991858,4,POST,setup/security_login,0.000000,0.000000,320,320,320,320,320,320,320,320,320,320,320,2,0,200,256.6799500000343,195.9227999977884,317.4371000022802,382.0
1775991858,4,POST,setup/security_login_attacker,0.100000,0.000000,310,310,310,310,310,310,310,310,310,310,310,2,0,192.58479999916744,250.13859999853594,192.58479999916744,307.69239999790443,426.0
1775991858,4,POST,setup/security_register_attacker,0.000000,0.000000,350,350,350,350,350,350,350,350,350,350,350,2,0,190.68800000241026,271.586800001387,190.68800000241026,352.4856000003638,402.0
1775991858,4,GET,trading/records,1.000000,0.000000,10,17,17,18,18,18,18,18,18,18,18,12,0,10,12.44945000083438,8.125800002744654,17.72049999999581,20967.0
1775991858,4,,Aggregated,8.100000,0.000000,7,8,8,9,10,17,18,18,18,18,18,125,0,7,26.79671999986749,2.4217999998654705,352.4856000003638,2628.584
1775991859,4,GET,algo/range_kth_persistent,0.300000,0.000000,8,8,10,10,10,10,10,10,10,10,10,7,0,8,9.551228570282026,6.0211000018171035,15.336799999204231,262.0
1775991859,4,GET,algo/range_kth_tdigest,1.100000,0.000000,8,9,9,9,14,14,14,14,14,14,14,12,0,7,7.894416666810382,4.690400000981754,13.932300000305986,304.0
1775991859,4,GET,algo/range_max_amount,0.400000,0.000000,7,8,10,10,13,13,13,13,13,13,13,10,0,7,13.096609999411157,6.076400000893045,53.00839999836171,184.0
1775991859,4,POST,auth/login,0.000000,0.000000,340,340,340,340,340,340,340,340,340,340,340,2,0,183.76880000141682,259.52954999957,183.76880000141682,335.2902999977232,382.0
1775991859,4,GET,imports/runs,0.600000,0.000000,8,8,8,9,9,9,9,9,9,9,9,8,0,6,6.902237499616604,5.812100000184728,8.819800001219846,792.0
1775991859,4,GET,risk_radar/event_context,0.300000,0.000000,8,8,9,9,9,9,9,9,9,9,9,4,0,7,7.64545000038197,5.451400000310969,9.356400001706788,1843.0
1775991859,4,GET,risk_radar/events,0.100000,0.000000,7,7,7,7,7,7,7,7,7,7,7,4,0,5.192399999941699,5.743275000895665,5.192399999941699,6.52780000018538,359.0
1775991859,4,GET,risk_radar/overview,0.700000,0.000000,5,6,6,8,8,8,8,8,8,8,8,7,0,5,5.939242856194531,4.937199999403674,8.338399999047397,666.0
1775991859,4,GET,security/cross_user_records,0.500000,0.000000,6,6,6,6,6,6,6,6,6,6,6,5,0,6,7.252460000017891,5.047900001954986,14.230099997803336,33.0
1775991859,4,GET,security/invalid_date_range,0.300000,0.000000,10,10,10,10,10,10,10,10,10,10,10,3,0,9,8.500833333528135,7.339700001466554,9.570499998517334,62.0
1775991859,4,GET,security/invalid_k,0.400000,0.000000,7,8,8,10,10,10,10,10,10,10,10,6,0,6,7.107849999253328,5.096199998661177,10.425299999042181,49.0
1775991859,4,GET,security/invalid_token_me,1.100000,0.000000,3,4,4,4,4,5,5,5,5,5,5,17,0,3,3.598247058749514,2.977600001031533,5.081100000097649,33.0
1775991859,4,GET,security/no_auth_runs,1.200000,0.000000,3,4,4,4,7,8,8,8,8,8,8,18,0,3,3.921944444300607,2.4217999998654705,7.982099999935599,36.0
1775991859,4,POST,setup/index_rebuild,0.000000,0.000000,240,240,240,240,240,240,240,240,240,240,240,2,0,160,196.32319999982428,155.8629999999539,236.78339999969467,248.0
1775991859,4,GET,setup/index_status,0.000000,0.000000,7,7,7,7,7,7,7,7,7,7,7,2,0,4,5.45590000001539,3.579700001864694,7.332099998166086,207.0
1775991859,4,GET,setup/instruments,0.000000,0.000000,28,28,28,28,28,28,28,28,28,28,28,2,0,6,17.011050000292016,5.660899998474633,28.3612000021094,1777.0
1775991859,4,GET,setup/records,0.000000,0.000000,33,33,33,33,33,33,33,33,33,33,33,2,0,5.158699997991789,19.186249997801497,5.158699997991789,33.213799997611204,20967.0
1775991859,4,GET,setup/risk_event,0.000000,0.000000,5,5,5,5,5,5,5,5,5,5,5,2,0,4,4.386450000311015,3.5265000005892944,5.246400000032736,359.0
1775991859,4,POST,setup/security_login,0.000000,0.000000,320,320,320,320,320,320,320,320,320,320,320,2,0,200,256.6799500000343,195.9227999977884,317.4371000022802,382.0
1775991859,4,POST,setup/security_login_attacker,0.000000,0.000000,310,310,310,310,310,310,310,310,310,310,310,2,0,192.58479999916744,250.13859999853594,192.58479999916744,307.69239999790443,426.0
1775991859,4,POST,setup/security_register_attacker,0.000000,0.000000,350,350,350,350,350,350,350,350,350,350,350,2,0,190.68800000241026,271.586800001387,190.68800000241026,352.4856000003638,402.0
1775991859,4,GET,trading/records,1.000000,0.000000,10,17,17,18,18,18,18,18,18,18,18,13,0,10,12.233869231679888,8.125800002744654,17.72049999999581,20967.0
1775991859,4,,Aggregated,8.000000,0.000000,7,8,8,9,10,13,17,18,18,18,18,132,0,7,25.747864393810175,2.4217999998654705,352.4856000003638,2665.5530303030305
1775991860,4,GET,algo/range_kth_persistent,0.300000,0.000000,8,8,10,10,10,10,10,10,10,10,10,8,0,8,9.124637499098753,6.0211000018171035,15.336799999204231,262.0
1775991860,4,GET,algo/range_kth_tdigest,1.100000,0.000000,8,9,9,9,14,14,14,14,14,14,14,12,0,7,7.894416666810382,4.690400000981754,13.932300000305986,304.0
1775991860,4,GET,algo/range_max_amount,0.700000,0.000000,7,8,10,10,13,13,13,13,13,13,13,10,0,7,13.096609999411157,6.076400000893045,53.00839999836171,184.0
1775991860,4,POST,auth/login,0.000000,0.000000,340,340,340,340,340,340,340,340,340,340,340,2,0,183.76880000141682,259.52954999957,183.76880000141682,335.2902999977232,382.0
1775991860,4,GET,imports/runs,0.400000,0.000000,8,8,9,9,9,9,9,9,9,9,9,8,0,6,6.902237499616604,5.812100000184728,8.819800001219846,792.0
1775991860,4,GET,risk_radar/event_context,0.300000,0.000000,8,9,9,13,13,13,13,13,13,13,13,6,0,7,8.218350000485467,5.451400000310969,12.92470000043977,1843.0
1775991860,4,GET,risk_radar/events,0.100000,0.000000,7,7,7,7,7,7,7,7,7,7,7,4,0,5.192399999941699,5.743275000895665,5.192399999941699,6.52780000018538,359.0
1775991860,4,GET,risk_radar/overview,0.700000,0.000000,5,5,8,8,8,8,8,8,8,8,8,7,0,5,5.939242856194531,4.937199999403674,8.338399999047397,666.0
1775991860,4,GET,security/cross_user_records,0.400000,0.000000,6,6,6,6,6,6,6,6,6,6,6,5,0,6,7.252460000017891,5.047900001954986,14.230099997803336,33.0
1775991860,4,GET,security/invalid_date_range,0.300000,0.000000,9,9,10,10,10,10,10,10,10,10,10,4,0,7,7.330125000407861,3.8180000010470394,9.570499998517334,62.0
1775991860,4,GET,security/invalid_k,0.500000,0.000000,7,7,8,8,10,10,10,10,10,10,10,7,0,6,6.836128570804639,5.096199998661177,10.425299999042181,49.0
1775991860,4,GET,security/invalid_token_me,1.200000,0.000000,3,4,4,4,4,5,5,5,5,5,5,19,0,3,3.5514105260709155,2.9498999974748585,5.081100000097649,33.0
1775991860,4,GET,security/no_auth_runs,1.200000,0.000000,3,4,4,4,7,8,8,8,8,8,8,18,0,3,3.921944444300607,2.4217999998654705,7.982099999935599,36.0
1775991860,4,POST,setup/index_rebuild,0.000000,0.000000,240,240,240,240,240,240,240,240,240,240,240,2,0,160,196.32319999982428,155.8629999999539,236.78339999969467,248.0
1775991860,4,GET,setup/index_status,0.000000,0.000000,7,7,7,7,7,7,7,7,7,7,7,2,0,4,5.45590000001539,3.579700001864694,7.332099998166086,207.0
1775991860,4,GET,setup/instruments,0.000000,0.000000,28,28,28,28,28,28,28,28,28,28,28,2,0,6,17.011050000292016,5.660899998474633,28.3612000021094,1777.0
1775991860,4,GET,setup/records,0.000000,0.000000,33,33,33,33,33,33,33,33,33,33,33,2,0,5.158699997991789,19.186249997801497,5.158699997991789,33.213799997611204,20967.0
1775991860,4,GET,setup/risk_event,0.000000,0.000000,5,5,5,5,5,5,5,5,5,5,5,2,0,4,4.386450000311015,3.5265000005892944,5.246400000032736,359.0
1775991860,4,POST,setup/security_login,0.000000,0.000000,320,320,320,320,320,320,320,320,320,320,320,2,0,200,256.6799500000343,195.9227999977884,317.4371000022802,382.0
1775991860,4,POST,setup/security_login_attacker,0.000000,0.000000,310,310,310,310,310,310,310,310,310,310,310,2,0,192.58479999916744,250.13859999853594,192.58479999916744,307.69239999790443,426.0
1775991860,4,POST,setup/security_register_attacker,0.000000,0.000000,350,350,350,350,350,350,350,350,350,350,350,2,0,190.68800000241026,271.586800001387,190.68800000241026,352.4856000003638,402.0
1775991860,4,GET,trading/records,1.000000,0.000000,10,10,10,17,18,18,18,18,18,18,18,15,0,10,11.725446667454284,8.125800002744654,17.72049999999581,20967.0
1775991860,4,,Aggregated,8.200000,0.000000,7,8,9,9,10,13,17,18,18,18,18,141,0,7,24.508912765836065,2.4217999998654705,352.4856000003638,2822.0709219858154
1775991861,4,GET,algo/range_kth_persistent,0.300000,0.000000,8,8,10,10,10,10,10,10,10,10,10,8,0,8,9.124637499098753,6.0211000018171035,15.336799999204231,262.0
1775991861,4,GET,algo/range_kth_tdigest,1.000000,0.000000,9,9,9,9,14,14,14,14,14,14,14,12,0,7,7.894416666810382,4.690400000981754,13.932300000305986,304.0
1775991861,4,GET,algo/range_max_amount,0.900000,0.000000,7,7,8,10,13,13,13,13,13,13,13,12,0,7,11.992449999524979,6.021299999702023,53.00839999836171,184.0
1775991861,4,POST,auth/login,0.000000,0.000000,340,340,340,340,340,340,340,340,340,340,340,2,0,183.76880000141682,259.52954999957,183.76880000141682,335.2902999977232,382.0
1775991861,4,GET,imports/runs,0.500000,0.000000,9,9,9,9,9,9,9,9,9,9,9,9,0,6,7.081344444385548,5.812100000184728,8.819800001219846,792.0
1775991861,4,GET,risk_radar/event_context,0.300000,0.000000,8,9,9,13,13,13,13,13,13,13,13,6,0,7,8.218350000485467,5.451400000310969,12.92470000043977,1843.0
1775991861,4,GET,risk_radar/events,0.100000,0.000000,7,7,7,7,7,7,7,7,7,7,7,4,0,5.192399999941699,5.743275000895665,5.192399999941699,6.52780000018538,359.0
1775991861,4,GET,risk_radar/overview,0.500000,0.000000,5,5,5,5,5,5,5,5,5,5,5,7,0,5,5.939242856194531,4.937199999403674,8.338399999047397,666.0
1775991861,4,GET,security/cross_user_records,0.400000,0.000000,6,6,6,6,6,6,6,6,6,6,6,5,0,6,7.252460000017891,5.047900001954986,14.230099997803336,33.0
1775991861,4,GET,security/invalid_date_range,0.200000,0.000000,6,6,10,10,10,10,10,10,10,10,10,5,0,7,7.027300000481773,3.8180000010470394,9.570499998517334,62.0
1775991861,4,GET,security/invalid_k,0.500000,0.000000,7,7,8,8,10,10,10,10,10,10,10,7,0,6,6.836128570804639,5.096199998661177,10.425299999042181,49.0
1775991861,4,GET,security/invalid_token_me,1.200000,0.000000,3,3,4,4,5,5,5,5,5,5,5,19,0,3,3.5514105260709155,2.9498999974748585,5.081100000097649,33.0
1775991861,4,GET,security/no_auth_runs,1.400000,0.000000,3,4,4,4,7,8,8,8,8,8,8,19,0,3,3.8865631579124296,2.4217999998654705,7.982099999935599,36.0
1775991861,4,POST,setup/index_rebuild,0.000000,0.000000,240,240,240,240,240,240,240,240,240,240,240,2,0,160,196.32319999982428,155.8629999999539,236.78339999969467,248.0
1775991861,4,GET,setup/index_status,0.000000,0.000000,7,7,7,7,7,7,7,7,7,7,7,2,0,4,5.45590000001539,3.579700001864694,7.332099998166086,207.0
1775991861,4,GET,setup/instruments,0.000000,0.000000,28,28,28,28,28,28,28,28,28,28,28,2,0,6,17.011050000292016,5.660899998474633,28.3612000021094,1777.0
1775991861,4,GET,setup/records,0.000000,0.000000,33,33,33,33,33,33,33,33,33,33,33,2,0,5.158699997991789,19.186249997801497,5.158699997991789,33.213799997611204,20967.0
1775991861,4,GET,setup/risk_event,0.000000,0.000000,5,5,5,5,5,5,5,5,5,5,5,2,0,4,4.386450000311015,3.5265000005892944,5.246400000032736,359.0
1775991861,4,POST,setup/security_login,0.000000,0.000000,320,320,320,320,320,320,320,320,320,320,320,2,0,200,256.6799500000343,195.9227999977884,317.4371000022802,382.0
1775991861,4,POST,setup/security_login_attacker,0.000000,0.000000,310,310,310,310,310,310,310,310,310,310,310,2,0,192.58479999916744,250.13859999853594,192.58479999916744,307.69239999790443,426.0
1775991861,4,POST,setup/security_register_attacker,0.000000,0.000000,350,350,350,350,350,350,350,350,350,350,350,2,0,190.68800000241026,271.586800001387,190.68800000241026,352.4856000003638,402.0
1775991861,4,GET,trading/records,1.000000,0.000000,10,10,12,12,17,18,18,18,18,18,18,17,0,10,11.518017647818745,7.725900002697017,17.72049999999581,20967.0
1775991861,4,,Aggregated,8.300000,0.000000,7,8,8,9,10,13,17,18,18,18,18,148,0,7,23.6905709458812,2.4217999998654705,352.4856000003638,2980.4324324324325
1775991862,4,GET,algo/range_kth_persistent,0.300000,0.000000,8,8,10,10,10,10,10,10,10,10,10,8,0,8,9.124637499098753,6.0211000018171035,15.336799999204231,262.0
1775991862,4,GET,algo/range_kth_tdigest,1.000000,0.000000,9,9,13,13,14,14,14,14,14,14,14,13,0,7,8.287576923276692,4.690400000981754,13.932300000305986,304.0
1775991862,4,GET,algo/range_max_amount,0.800000,0.000000,7,7,8,10,13,13,13,13,13,13,13,12,0,7,11.992449999524979,6.021299999702023,53.00839999836171,184.0
1775991862,4,POST,auth/login,0.000000,0.000000,340,340,340,340,340,340,340,340,340,340,340,2,0,183.76880000141682,259.52954999957,183.76880000141682,335.2902999977232,382.0
1775991862,4,GET,imports/runs,0.400000,0.000000,8,9,9,9,9,9,9,9,9,9,9,11,0,7,7.128454545719168,5.812100000184728,8.819800001219846,792.0
1775991862,4,GET,risk_radar/event_context,0.500000,0.000000,8,8,9,9,13,13,13,13,13,13,13,7,0,7,7.992457143180737,5.451400000310969,12.92470000043977,1843.0
1775991862,4,GET,risk_radar/events,0.100000,0.000000,7,7,7,7,7,7,7,7,7,7,7,4,0,5.192399999941699,5.743275000895665,5.192399999941699,6.52780000018538,359.0
1775991862,4,GET,risk_radar/overview,0.500000,0.000000,5,5,5,5,5,5,5,5,5,5,5,7,0,5,5.939242856194531,4.937199999403674,8.338399999047397,666.0
1775991862,4,GET,security/cross_user_records,0.400000,0.000000,6,6,6,6,6,6,6,6,6,6,6,5,0,6,7.252460000017891,5.047900001954986,14.230099997803336,33.0
1775991862,4,GET,security/invalid_date_range,0.300000,0.000000,6,6,10,10,10,10,10,10,10,10,10,6,0,6,6.861300000309711,3.8180000010470394,9.570499998517334,62.0
1775991862,4,GET,security/invalid_k,0.500000,0.000000,7,7,8,8,10,10,10,10,10,10,10,8,0,6,6.75952499932464,5.096199998661177,10.425299999042181,49.0
1775991862,4,GET,security/invalid_token_me,1.200000,0.000000,3,3,4,4,5,5,5,5,5,5,5,19,0,3,3.5514105260709155,2.9498999974748585,5.081100000097649,33.0
1775991862,4,GET,security/no_auth_runs,1.300000,0.000000,3,3,4,4,7,8,8,8,8,8,8,22,0,3,3.790668181615977,2.4217999998654705,7.982099999935599,36.0
1775991862,4,POST,setup/index_rebuild,0.000000,0.000000,240,240,240,240,240,240,240,240,240,240,240,2,0,160,196.32319999982428,155.8629999999539,236.78339999969467,248.0
1775991862,4,GET,setup/index_status,0.000000,0.000000,7,7,7,7,7,7,7,7,7,7,7,2,0,4,5.45590000001539,3.579700001864694,7.332099998166086,207.0
1775991862,4,GET,setup/instruments,0.000000,0.000000,28,28,28,28,28,28,28,28,28,28,28,2,0,6,17.011050000292016,5.660899998474633,28.3612000021094,1777.0
1775991862,4,GET,setup/records,0.000000,0.000000,33,33,33,33,33,33,33,33,33,33,33,2,0,5.158699997991789,19.186249997801497,5.158699997991789,33.213799997611204,20967.0
1775991862,4,GET,setup/risk_event,0.000000,0.000000,5,5,5,5,5,5,5,5,5,5,5,2,0,4,4.386450000311015,3.5265000005892944,5.246400000032736,359.0
1775991862,4,POST,setup/security_login,0.000000,0.000000,320,320,320,320,320,320,320,320,320,320,320,2,0,200,256.6799500000343,195.9227999977884,317.4371000022802,382.0
1775991862,4,POST,setup/security_login_attacker,0.000000,0.000000,310,310,310,310,310,310,310,310,310,310,310,2,0,192.58479999916744,250.13859999853594,192.58479999916744,307.69239999790443,426.0
1775991862,4,POST,setup/security_register_attacker,0.000000,0.000000,350,350,350,350,350,350,350,350,350,350,350,2,0,190.68800000241026,271.586800001387,190.68800000241026,352.4856000003638,402.0
1775991862,4,GET,trading/records,0.900000,0.000000,10,10,12,12,17,18,18,18,18,18,18,18,0,10,11.397700000694991,7.725900002697017,17.72049999999581,20967.0
1775991862,4,,Aggregated,8.200000,0.000000,7,8,9,9,10,13,17,18,18,18,18,158,0,7,22.605600632831035,2.4217999998654705,352.4856000003638,2949.5
1775991863,4,GET,algo/range_kth_persistent,0.300000,0.000000,8,8,10,10,10,10,10,10,10,10,10,8,0,8,9.124637499098753,6.0211000018171035,15.336799999204231,262.0
1775991863,4,GET,algo/range_kth_tdigest,0.800000,0.000000,9,9,9,9,13,13,13,13,13,13,13,13,0,7,8.287576923276692,4.690400000981754,13.932300000305986,304.0
1775991863,4,GET,algo/range_max_amount,0.800000,0.000000,7,7,8,8,10,10,10,10,10,10,10,12,0,7,11.992449999524979,6.021299999702023,53.00839999836171,184.0
1775991863,4,POST,auth/login,0.000000,0.000000,0,0,0,0,0,0,0,0,0,0,0,2,0,183.76880000141682,259.52954999957,183.76880000141682,335.2902999977232,382.0
1775991863,4,GET,imports/runs,0.500000,0.000000,8,8,9,9,9,9,9,9,9,9,9,12,0,7,7.132833333647189,5.812100000184728,8.819800001219846,792.0
1775991863,4,GET,risk_radar/event_context,0.600000,0.000000,8,9,9,13,13,13,13,13,13,13,13,7,0,7,7.992457143180737,5.451400000310969,12.92470000043977,1843.0
1775991863,4,GET,risk_radar/events,0.100000,0.000000,7,7,7,7,7,7,7,7,7,7,7,4,0,5.192399999941699,5.743275000895665,5.192399999941699,6.52780000018538,359.0
1775991863,4,GET,risk_radar/overview,0.400000,0.000000,5,5,6,6,6,6,6,6,6,6,6,8,0,5,5.994949999148957,4.937199999403674,8.338399999047397,666.0
1775991863,4,GET,security/cross_user_records,0.300000,0.000000,6,6,6,6,6,6,6,6,6,6,6,5,0,6,7.252460000017891,5.047900001954986,14.230099997803336,33.0
1775991863,4,GET,security/invalid_date_range,0.300000,0.000000,6,6,6,10,10,10,10,10,10,10,10,7,0,6,6.705985714298939,3.8180000010470394,9.570499998517334,62.0
1775991863,4,GET,security/invalid_k,0.600000,0.000000,7,7,8,8,10,10,10,10,10,10,10,8,0,6,6.75952499932464,5.096199998661177,10.425299999042181,49.0
1775991863,4,GET,security/invalid_token_me,1.100000,0.000000,3,3,4,4,5,5,5,5,5,5,5,19,0,3,3.5514105260709155,2.9498999974748585,5.081100000097649,33.0
1775991863,4,GET,security/no_auth_runs,1.400000,0.000000,3,4,4,5,7,8,8,8,8,8,8,23,0,3,3.8253434781243256,2.4217999998654705,7.982099999935599,36.0
1775991863,4,POST,setup/index_rebuild,0.000000,0.000000,0,0,0,0,0,0,0,0,0,0,0,2,0,160,196.32319999982428,155.8629999999539,236.78339999969467,248.0
1775991863,4,GET,setup/index_status,0.000000,0.000000,0,0,0,0,0,0,0,0,0,0,0,2,0,4,5.45590000001539,3.579700001864694,7.332099998166086,207.0
1775991863,4,GET,setup/instruments,0.000000,0.000000,0,0,0,0,0,0,0,0,0,0,0,2,0,6,17.011050000292016,5.660899998474633,28.3612000021094,1777.0
1775991863,4,GET,setup/records,0.000000,0.000000,0,0,0,0,0,0,0,0,0,0,0,2,0,5.158699997991789,19.186249997801497,5.158699997991789,33.213799997611204,20967.0
1775991863,4,GET,setup/risk_event,0.000000,0.000000,0,0,0,0,0,0,0,0,0,0,0,2,0,4,4.386450000311015,3.5265000005892944,5.246400000032736,359.0
1775991863,4,POST,setup/security_login,0.000000,0.000000,0,0,0,0,0,0,0,0,0,0,0,2,0,200,256.6799500000343,195.9227999977884,317.4371000022802,382.0
1775991863,4,POST,setup/security_login_attacker,0.000000,0.000000,310,310,310,310,310,310,310,310,310,310,310,2,0,192.58479999916744,250.13859999853594,192.58479999916744,307.69239999790443,426.0
1775991863,4,POST,setup/security_register_attacker,0.000000,0.000000,0,0,0,0,0,0,0,0,0,0,0,2,0,190.68800000241026,271.586800001387,190.68800000241026,352.4856000003638,402.0
1775991863,4,GET,trading/records,1.100000,0.000000,10,10,12,12,17,18,18,18,18,18,18,19,0,10,11.393431579467448,7.725900002697017,17.72049999999581,20967.0
1775991863,4,,Aggregated,8.300000,0.000000,7,8,8,9,10,13,17,18,18,18,18,163,0,7,22.128403067392043,2.4217999998654705,352.4856000003638,2997.20245398773
1775991864,4,GET,algo/range_kth_persistent,0.200000,0.000000,8,8,8,8,8,8,8,8,8,8,8,9,0,8,8.984144443578165,6.0211000018171035,15.336799999204231,262.0
1775991864,4,GET,algo/range_kth_tdigest,0.800000,0.000000,9,9,13,13,13,13,13,13,13,13,13,13,0,7,8.287576923276692,4.690400000981754,13.932300000305986,304.0
1775991864,4,GET,algo/range_max_amount,0.800000,0.000000,7,7,8,8,10,10,10,10,10,10,10,12,0,7,11.992449999524979,6.021299999702023,53.00839999836171,184.0
1775991864,4,POST,auth/login,0.000000,0.000000,0,0,0,0,0,0,0,0,0,0,0,2,0,183.76880000141682,259.52954999957,183.76880000141682,335.2902999977232,382.0
1775991864,4,GET,imports/runs,0.500000,0.000000,7,8,9,9,9,9,9,9,9,9,9,13,0,7,7.013430769382887,5.580599998211255,8.819800001219846,792.0
1775991864,4,GET,risk_radar/event_context,0.600000,0.000000,9,9,9,9,13,13,13,13,13,13,13,9,0,8,8.181633333960134,5.451400000310969,12.92470000043977,1843.0
1775991864,4,GET,risk_radar/events,0.100000,0.000000,7,7,7,7,7,7,7,7,7,7,7,4,0,5.192399999941699,5.743275000895665,5.192399999941699,6.52780000018538,359.0
1775991864,4,GET,risk_radar/overview,0.300000,0.000000,5,5,6,6,6,6,6,6,6,6,6,8,0,5,5.994949999148957,4.937199999403674,8.338399999047397,666.0
1775991864,4,GET,security/cross_user_records,0.300000,0.000000,6,6,6,6,6,6,6,6,6,6,6,5,0,6,7.252460000017891,5.047900001954986,14.230099997803336,33.0
1775991864,4,GET,security/invalid_date_range,0.400000,0.000000,6,6,6,6,10,10,10,10,10,10,10,8,0,6,6.673675000001822,3.8180000010470394,9.570499998517334,62.0
1775991864,4,GET,security/invalid_k,0.600000,0.000000,6,7,8,8,10,10,10,10,10,10,10,9,0,6,6.605244443764807,5.096199998661177,10.425299999042181,49.0
1775991864,4,GET,security/invalid_token_me,0.800000,0.000000,3,3,3,4,5,5,5,5,5,5,5,21,0,3,3.513847618922314,2.9498999974748585,5.081100000097649,33.0
1775991864,4,GET,security/no_auth_runs,1.500000,0.000000,3,4,4,4,5,7,7,7,7,7,7,24,0,3,3.796079166477284,2.4217999998654705,7.982099999935599,36.0
1775991864,4,POST,setup/index_rebuild,0.000000,0.000000,0,0,0,0,0,0,0,0,0,0,0,2,0,160,196.32319999982428,155.8629999999539,236.78339999969467,248.0
1775991864,4,GET,setup/index_status,0.000000,0.000000,0,0,0,0,0,0,0,0,0,0,0,2,0,4,5.45590000001539,3.579700001864694,7.332099998166086,207.0
1775991864,4,GET,setup/instruments,0.000000,0.000000,0,0,0,0,0,0,0,0,0,0,0,2,0,6,17.011050000292016,5.660899998474633,28.3612000021094,1777.0
1775991864,4,GET,setup/records,0.000000,0.000000,0,0,0,0,0,0,0,0,0,0,0,2,0,5.158699997991789,19.186249997801497,5.158699997991789,33.213799997611204,20967.0
1775991864,4,GET,setup/risk_event,0.000000,0.000000,0,0,0,0,0,0,0,0,0,0,0,2,0,4,4.386450000311015,3.5265000005892944,5.246400000032736,359.0
1775991864,4,POST,setup/security_login,0.000000,0.000000,0,0,0,0,0,0,0,0,0,0,0,2,0,200,256.6799500000343,195.9227999977884,317.4371000022802,382.0
1775991864,4,POST,setup/security_login_attacker,0.000000,0.000000,0,0,0,0,0,0,0,0,0,0,0,2,0,192.58479999916744,250.13859999853594,192.58479999916744,307.69239999790443,426.0
1775991864,4,POST,setup/security_register_attacker,0.000000,0.000000,0,0,0,0,0,0,0,0,0,0,0,2,0,190.68800000241026,271.586800001387,190.68800000241026,352.4856000003638,402.0
1775991864,4,GET,trading/records,1.100000,0.000000,10,11,12,12,17,18,18,18,18,18,18,19,0,10,11.393431579467448,7.725900002697017,17.72049999999581,20967.0
1775991864,4,,Aggregated,8.000000,0.000000,6,8,9,9,10,13,17,18,18,18,18,172,0,6,21.275078488289118,2.4217999998654705,352.4856000003638,2869.1686046511627
1775991865,4,GET,algo/range_kth_persistent,0.200000,0.000000,8,8,8,8,8,8,8,8,8,8,8,9,0,8,8.984144443578165,6.0211000018171035,15.336799999204231,262.0
1775991865,4,GET,algo/range_kth_tdigest,0.800000,0.000000,9,9,13,13,13,13,13,13,13,13,13,14,0,7,8.350371428605285,4.690400000981754,13.932300000305986,304.0
1775991865,4,GET,algo/range_max_amount,0.800000,0.000000,7,7,8,8,10,10,10,10,10,10,10,12,0,7,11.992449999524979,6.021299999702023,53.00839999836171,184.0
1775991865,4,POST,auth/login,0.000000,0.000000,0,0,0,0,0,0,0,0,0,0,0,2,0,183.76880000141682,259.52954999957,183.76880000141682,335.2902999977232,382.0
1775991865,4,GET,imports/runs,0.500000,0.000000,8,8,9,9,9,9,9,9,9,9,9,15,0,7,7.121333333392006,5.580599998211255,8.819800001219846,792.0
1775991865,4,GET,risk_radar/event_context,0.600000,0.000000,9,9,9,9,13,13,13,13,13,13,13,9,0,8,8.181633333960134,5.451400000310969,12.92470000043977,1843.0
1775991865,4,GET,risk_radar/events,0.100000,0.000000,12,12,12,12,12,12,12,12,12,12,12,5,0,6,7.010180000361288,5.192399999941699,12.077799998223782,359.0
1775991865,4,GET,risk_radar/overview,0.300000,0.000000,6,6,6,6,6,6,6,6,6,6,6,8,0,5,5.994949999148957,4.937199999403674,8.338399999047397,666.0
1775991865,4,GET,security/cross_user_records,0.300000,0.000000,6,6,6,6,6,6,6,6,6,6,6,5,0,6,7.252460000017891,5.047900001954986,14.230099997803336,33.0
1775991865,4,GET,security/invalid_date_range,0.500000,0.000000,6,6,6,6,10,10,10,10,10,10,10,8,0,6,6.673675000001822,3.8180000010470394,9.570499998517334,62.0
1775991865,4,GET,security/invalid_k,0.600000,0.000000,6,6,8,8,10,10,10,10,10,10,10,9,0,6,6.605244443764807,5.096199998661177,10.425299999042181,49.0
1775991865,4,GET,security/invalid_token_me,0.700000,0.000000,3,3,4,4,5,5,5,5,5,5,5,21,0,3,3.513847618922314,2.9498999974748585,5.081100000097649,33.0
1775991865,4,GET,security/no_auth_runs,1.500000,0.000000,3,4,4,4,5,7,7,7,7,7,7,26,0,3,3.758457692338897,2.4217999998654705,7.982099999935599,36.0
1775991865,4,POST,setup/index_rebuild,0.000000,0.000000,0,0,0,0,0,0,0,0,0,0,0,2,0,160,196.32319999982428,155.8629999999539,236.78339999969467,248.0
1775991865,4,GET,setup/index_status,0.000000,0.000000,0,0,0,0,0,0,0,0,0,0,0,2,0,4,5.45590000001539,3.579700001864694,7.332099998166086,207.0
1775991865,4,GET,setup/instruments,0.000000,0.000000,0,0,0,0,0,0,0,0,0,0,0,2,0,6,17.011050000292016,5.660899998474633,28.3612000021094,1777.0
1775991865,4,GET,setup/records,0.000000,0.000000,0,0,0,0,0,0,0,0,0,0,0,2,0,5.158699997991789,19.186249997801497,5.158699997991789,33.213799997611204,20967.0
1775991865,4,GET,setup/risk_event,0.000000,0.000000,0,0,0,0,0,0,0,0,0,0,0,2,0,4,4.386450000311015,3.5265000005892944,5.246400000032736,359.0
1775991865,4,POST,setup/security_login,0.000000,0.000000,0,0,0,0,0,0,0,0,0,0,0,2,0,200,256.6799500000343,195.9227999977884,317.4371000022802,382.0
1775991865,4,POST,setup/security_login_attacker,0.000000,0.000000,0,0,0,0,0,0,0,0,0,0,0,2,0,192.58479999916744,250.13859999853594,192.58479999916744,307.69239999790443,426.0
1775991865,4,POST,setup/security_register_attacker,0.000000,0.000000,0,0,0,0,0,0,0,0,0,0,0,2,0,190.68800000241026,271.586800001387,190.68800000241026,352.4856000003638,402.0
1775991865,4,GET,trading/records,1.100000,0.000000,10,10,12,12,17,18,18,18,18,18,18,20,0,10,11.259095000423258,7.725900002697017,17.72049999999581,20967.0
1775991865,4,,Aggregated,8.000000,0.000000,7,8,9,9,10,12,13,18,18,18,18,179,0,7,20.734771508294255,2.4217999998654705,352.4856000003638,2887.0558659217877
1775991866,4,GET,algo/range_kth_persistent,0.300000,0.000000,8,8,8,8,8,8,8,8,8,8,8,9,0,8,8.984144443578165,6.0211000018171035,15.336799999204231,262.0
1775991866,4,GET,algo/range_kth_tdigest,0.600000,0.000000,9,9,13,13,13,13,13,13,13,13,13,14,0,7,8.350371428605285,4.690400000981754,13.932300000305986,304.0
1775991866,4,GET,algo/range_max_amount,0.800000,0.000000,7,7,7,7,10,10,10,10,10,10,10,12,0,7,11.992449999524979,6.021299999702023,53.00839999836171,184.0
1775991866,4,POST,auth/login,0.000000,0.000000,0,0,0,0,0,0,0,0,0,0,0,2,0,183.76880000141682,259.52954999957,183.76880000141682,335.2902999977232,382.0
1775991866,4,GET,imports/runs,0.600000,0.000000,7,8,8,9,9,9,9,9,9,9,9,16,0,7,7.046206250151954,5.580599998211255,8.819800001219846,792.0
1775991866,4,GET,risk_radar/event_context,0.600000,0.000000,9,9,9,9,13,13,13,13,13,13,13,10,0,7,8.030180000787368,5.451400000310969,12.92470000043977,1843.0
1775991866,4,GET,risk_radar/events,0.100000,0.000000,12,12,12,12,12,12,12,12,12,12,12,5,0,6,7.010180000361288,5.192399999941699,12.077799998223782,359.0
1775991866,4,GET,risk_radar/overview,0.300000,0.000000,6,6,7,7,7,7,7,7,7,7,7,9,0,6,6.086877776801379,4.937199999403674,8.338399999047397,666.0
1775991866,4,GET,security/cross_user_records,0.300000,0.000000,6,6,6,6,6,6,6,6,6,6,6,5,0,6,7.252460000017891,5.047900001954986,14.230099997803336,33.0
1775991866,4,GET,security/invalid_date_range,0.500000,0.000000,6,6,6,6,7,7,7,7,7,7,7,9,0,6,6.67951111123936,3.8180000010470394,9.570499998517334,62.0
1775991866,4,GET,security/invalid_k,0.700000,0.000000,6,8,8,10,10,10,10,10,10,10,10,9,0,6,6.605244443764807,5.096199998661177,10.425299999042181,49.0
1775991866,4,GET,security/invalid_token_me,0.800000,0.000000,3,4,4,4,5,5,5,5,5,5,5,23,0,3,3.5294999998649987,2.9498999974748585,5.081100000097649,33.0
1775991866,4,GET,security/no_auth_runs,1.300000,0.000000,3,3,4,4,4,5,5,5,5,5,5,27,0,3,3.762855555612111,2.4217999998654705,7.982099999935599,36.0
1775991866,4,POST,setup/index_rebuild,0.000000,0.000000,0,0,0,0,0,0,0,0,0,0,0,2,0,160,196.32319999982428,155.8629999999539,236.78339999969467,248.0
1775991866,4,GET,setup/index_status,0.000000,0.000000,0,0,0,0,0,0,0,0,0,0,0,2,0,4,5.45590000001539,3.579700001864694,7.332099998166086,207.0
1775991866,4,GET,setup/instruments,0.000000,0.000000,0,0,0,0,0,0,0,0,0,0,0,2,0,6,17.011050000292016,5.660899998474633,28.3612000021094,1777.0
1775991866,4,GET,setup/records,0.000000,0.000000,0,0,0,0,0,0,0,0,0,0,0,2,0,5.158699997991789,19.186249997801497,5.158699997991789,33.213799997611204,20967.0
1775991866,4,GET,setup/risk_event,0.000000,0.000000,0,0,0,0,0,0,0,0,0,0,0,2,0,4,4.386450000311015,3.5265000005892944,5.246400000032736,359.0
1775991866,4,POST,setup/security_login,0.000000,0.000000,0,0,0,0,0,0,0,0,0,0,0,2,0,200,256.6799500000343,195.9227999977884,317.4371000022802,382.0
1775991866,4,POST,setup/security_login_attacker,0.000000,0.000000,0,0,0,0,0,0,0,0,0,0,0,2,0,192.58479999916744,250.13859999853594,192.58479999916744,307.69239999790443,426.0
1775991866,4,POST,setup/security_register_attacker,0.000000,0.000000,0,0,0,0,0,0,0,0,0,0,0,2,0,190.68800000241026,271.586800001387,190.68800000241026,352.4856000003638,402.0
1775991866,4,GET,trading/records,1.100000,0.000000,10,10,11,11,12,18,18,18,18,18,18,22,0,10,11.094872727632968,7.725900002697017,17.72049999999581,20967.0
1775991866,4,,Aggregated,8.000000,0.000000,7,8,9,9,10,12,13,18,18,18,18,188,0,7,20.04164468078361,2.4217999998654705,352.4856000003638,2990.3297872340427
1775991867,4,GET,algo/range_kth_persistent,0.300000,0.000000,8,8,8,8,8,8,8,8,8,8,8,11,0,8,8.732436363061424,6.0211000018171035,15.336799999204231,262.0
1775991867,4,GET,algo/range_kth_tdigest,0.400000,0.000000,9,9,13,13,13,13,13,13,13,13,13,15,0,7,8.25583333329026,4.690400000981754,13.932300000305986,304.0
1775991867,4,GET,algo/range_max_amount,0.800000,0.000000,7,7,7,10,10,10,10,10,10,10,10,13,0,7,11.538707691775366,6.021299999702023,53.00839999836171,184.0
1775991867,4,POST,auth/login,0.000000,0.000000,0,0,0,0,0,0,0,0,0,0,0,2,0,183.76880000141682,259.52954999957,183.76880000141682,335.2902999977232,382.0
1775991867,4,GET,imports/runs,0.700000,0.000000,7,8,8,9,9,9,9,9,9,9,9,16,0,7,7.046206250151954,5.580599998211255,8.819800001219846,792.0
1775991867,4,GET,risk_radar/event_context,0.600000,0.000000,9,9,9,9,13,13,13,13,13,13,13,10,0,7,8.030180000787368,5.451400000310969,12.92470000043977,1843.0
1775991867,4,GET,risk_radar/events,0.200000,0.000000,12,12,12,12,12,12,12,12,12,12,12,5,0,6,7.010180000361288,5.192399999941699,12.077799998223782,359.0
1775991867,4,GET,risk_radar/overview,0.200000,0.000000,6,6,7,7,7,7,7,7,7,7,7,9,0,6,6.086877776801379,4.937199999403674,8.338399999047397,666.0
1775991867,4,GET,security/cross_user_records,0.300000,0.000000,6,6,6,6,6,6,6,6,6,6,6,5,0,6,7.252460000017891,5.047900001954986,14.230099997803336,33.0
1775991867,4,GET,security/invalid_date_range,0.500000,0.000000,6,6,6,6,7,7,7,7,7,7,7,11,0,6,6.522345454868628,3.8180000010470394,9.570499998517334,62.0
1775991867,4,GET,security/invalid_k,0.600000,0.000000,6,8,8,10,10,10,10,10,10,10,10,9,0,6,6.605244443764807,5.096199998661177,10.425299999042181,49.0
1775991867,4,GET,security/invalid_token_me,0.800000,0.000000,3,4,4,4,5,5,5,5,5,5,5,24,0,3,3.5075208332576344,2.9498999974748585,5.081100000097649,33.0
1775991867,4,GET,security/no_auth_runs,1.400000,0.000000,3,3,3,3,4,5,5,5,5,5,5,28,0,3,3.732603571604289,2.4217999998654705,7.982099999935599,36.0
1775991867,4,POST,setup/index_rebuild,0.000000,0.000000,0,0,0,0,0,0,0,0,0,0,0,2,0,160,196.32319999982428,155.8629999999539,236.78339999969467,248.0
1775991867,4,GET,setup/index_status,0.000000,0.000000,0,0,0,0,0,0,0,0,0,0,0,2,0,4,5.45590000001539,3.579700001864694,7.332099998166086,207.0
1775991867,4,GET,setup/instruments,0.000000,0.000000,0,0,0,0,0,0,0,0,0,0,0,2,0,6,17.011050000292016,5.660899998474633,28.3612000021094,1777.0
1775991867,4,GET,setup/records,0.000000,0.000000,0,0,0,0,0,0,0,0,0,0,0,2,0,5.158699997991789,19.186249997801497,5.158699997991789,33.213799997611204,20967.0
1775991867,4,GET,setup/risk_event,0.000000,0.000000,0,0,0,0,0,0,0,0,0,0,0,2,0,4,4.386450000311015,3.5265000005892944,5.246400000032736,359.0
1775991867,4,POST,setup/security_login,0.000000,0.000000,0,0,0,0,0,0,0,0,0,0,0,2,0,200,256.6799500000343,195.9227999977884,317.4371000022802,382.0
1775991867,4,POST,setup/security_login_attacker,0.000000,0.000000,0,0,0,0,0,0,0,0,0,0,0,2,0,192.58479999916744,250.13859999853594,192.58479999916744,307.69239999790443,426.0
1775991867,4,POST,setup/security_register_attacker,0.000000,0.000000,0,0,0,0,0,0,0,0,0,0,0,2,0,190.68800000241026,271.586800001387,190.68800000241026,352.4856000003638,402.0
1775991867,4,GET,trading/records,1.100000,0.000000,9,10,11,11,12,18,18,18,18,18,18,23,0,10,10.967695652494593,7.725900002697017,17.72049999999581,20967.0
1775991867,4,,Aggregated,7.900000,0.000000,6,8,9,9,10,12,13,18,18,18,18,197,0,7,19.39986091366996,2.4217999998654705,352.4856000003638,2966.263959390863
1775991868,4,GET,algo/range_kth_persistent,0.300000,0.000000,7,8,8,8,8,8,8,8,8,8,8,12,0,8,8.497174999623288,5.909300001803786,15.336799999204231,262.0
1775991868,4,GET,algo/range_kth_tdigest,0.300000,0.000000,9,9,10,10,13,13,13,13,13,13,13,18,0,7,8.28074999966096,4.690400000981754,13.932300000305986,304.0
1775991868,4,GET,algo/range_max_amount,0.800000,0.000000,7,7,7,10,10,10,10,10,10,10,10,13,0,7,11.538707691775366,6.021299999702023,53.00839999836171,184.0
1775991868,4,POST,auth/login,0.000000,0.000000,0,0,0,0,0,0,0,0,0,0,0,2,0,183.76880000141682,259.52954999957,183.76880000141682,335.2902999977232,382.0
1775991868,4,GET,imports/runs,0.800000,0.000000,7,8,8,9,9,9,9,9,9,9,9,16,0,7,7.046206250151954,5.580599998211255,8.819800001219846,792.0
1775991868,4,GET,risk_radar/event_context,0.700000,0.000000,9,9,9,9,13,13,13,13,13,13,13,10,0,7,8.030180000787368,5.451400000310969,12.92470000043977,1843.0
1775991868,4,GET,risk_radar/events,0.200000,0.000000,12,12,12,12,12,12,12,12,12,12,12,5,0,6,7.010180000361288,5.192399999941699,12.077799998223782,359.0
1775991868,4,GET,risk_radar/overview,0.300000,0.000000,6,6,7,7,7,7,7,7,7,7,7,9,0,6,6.086877776801379,4.937199999403674,8.338399999047397,666.0
1775991868,4,GET,security/cross_user_records,0.200000,0.000000,6,6,6,6,6,6,6,6,6,6,6,5,0,6,7.252460000017891,5.047900001954986,14.230099997803336,33.0
1775991868,4,GET,security/invalid_date_range,0.600000,0.000000,6,6,6,6,7,7,7,7,7,7,7,12,0,6,6.472850000136532,3.8180000010470394,9.570499998517334,62.0
1775991868,4,GET,security/invalid_k,0.600000,0.000000,5,5,6,6,6,6,6,6,6,6,6,9,0,6,6.605244443764807,5.096199998661177,10.425299999042181,49.0
1775991868,4,GET,security/invalid_token_me,0.900000,0.000000,3,3,4,4,16,16,16,16,16,16,16,26,0,3,3.9755884614491013,2.877200000511948,16.30759999898146,33.0
1775991868,4,GET,security/no_auth_runs,1.100000,0.000000,3,3,3,3,4,5,5,5,5,5,5,29,0,3,3.7109206898784235,2.4217999998654705,7.982099999935599,36.0
1775991868,4,POST,setup/index_rebuild,0.000000,0.000000,0,0,0,0,0,0,0,0,0,0,0,2,0,160,196.32319999982428,155.8629999999539,236.78339999969467,248.0
1775991868,4,GET,setup/index_status,0.000000,0.000000,0,0,0,0,0,0,0,0,0,0,0,2,0,4,5.45590000001539,3.579700001864694,7.332099998166086,207.0
1775991868,4,GET,setup/instruments,0.000000,0.000000,0,0,0,0,0,0,0,0,0,0,0,2,0,6,17.011050000292016,5.660899998474633,28.3612000021094,1777.0
1775991868,4,GET,setup/records,0.000000,0.000000,0,0,0,0,0,0,0,0,0,0,0,2,0,5.158699997991789,19.186249997801497,5.158699997991789,33.213799997611204,20967.0
1775991868,4,GET,setup/risk_event,0.000000,0.000000,0,0,0,0,0,0,0,0,0,0,0,2,0,4,4.386450000311015,3.5265000005892944,5.246400000032736,359.0
1775991868,4,POST,setup/security_login,0.000000,0.000000,0,0,0,0,0,0,0,0,0,0,0,2,0,200,256.6799500000343,195.9227999977884,317.4371000022802,382.0
1775991868,4,POST,setup/security_login_attacker,0.000000,0.000000,0,0,0,0,0,0,0,0,0,0,0,2,0,192.58479999916744,250.13859999853594,192.58479999916744,307.69239999790443,426.0
1775991868,4,POST,setup/security_register_attacker,0.000000,0.000000,0,0,0,0,0,0,0,0,0,0,0,2,0,190.68800000241026,271.586800001387,190.68800000241026,352.4856000003638,402.0
1775991868,4,GET,trading/records,1.100000,0.000000,9,10,11,11,12,22,22,22,22,22,22,24,0,10,11.420929167040109,7.725900002697017,21.84530000158702,20967.0
1775991868,4,,Aggregated,7.900000,0.000000,6,8,8,9,10,13,16,22,22,22,22,206,0,7,18.946408737815766,2.4217999998654705,352.4856000003638,2944.9466019417478
1775991869,4,GET,algo/range_kth_persistent,0.500000,0.000000,7,8,8,8,22,22,22,22,22,22,22,14,0,8,9.391164285261766,5.909300001803786,22.04129999881843,262.0
1775991869,4,GET,algo/range_kth_tdigest,0.200000,0.000000,9,9,10,10,13,13,13,13,13,13,13,18,0,7,8.28074999966096,4.690400000981754,13.932300000305986,304.0
1775991869,4,GET,algo/range_max_amount,0.800000,0.000000,6,6,7,7,7,7,7,7,7,7,7,14,0,7,11.177364285166343,6.021299999702023,53.00839999836171,184.0
1775991869,4,POST,auth/login,0.000000,0.000000,0,0,0,0,0,0,0,0,0,0,0,2,0,183.76880000141682,259.52954999957,183.76880000141682,335.2902999977232,382.0
1775991869,4,GET,imports/runs,0.900000,0.000000,7,8,8,8,9,9,9,9,9,9,9,16,0,7,7.046206250151954,5.580599998211255,8.819800001219846,792.0
1775991869,4,GET,risk_radar/event_context,0.700000,0.000000,7,9,9,9,9,9,9,9,9,9,9,10,0,7,8.030180000787368,5.451400000310969,12.92470000043977,1843.0
1775991869,4,GET,risk_radar/events,0.100000,0.000000,9,9,12,12,12,12,12,12,12,12,12,7,0,6,7.177714285977085,5.192399999941699,12.077799998223782,359.0
1775991869,4,GET,risk_radar/overview,0.200000,0.000000,7,7,7,7,7,7,7,7,7,7,7,9,0,6,6.086877776801379,4.937199999403674,8.338399999047397,666.0
1775991869,4,GET,security/cross_user_records,0.000000,0.000000,6,6,6,6,6,6,6,6,6,6,6,5,0,6,7.252460000017891,5.047900001954986,14.230099997803336,33.0
1775991869,4,GET,security/invalid_date_range,0.700000,0.000000,6,6,6,6,7,7,7,7,7,7,7,12,0,6,6.472850000136532,3.8180000010470394,9.570499998517334,62.0
1775991869,4,GET,security/invalid_k,0.500000,0.000000,5,5,6,6,6,6,6,6,6,6,6,9,0,6,6.605244443764807,5.096199998661177,10.425299999042181,49.0
1775991869,4,GET,security/invalid_token_me,0.900000,0.000000,3,4,4,16,20,20,20,20,20,20,20,28,0,3,4.513732142835839,2.877200000511948,19.540500001312466,33.0
1775991869,4,GET,security/no_auth_runs,1.300000,0.000000,3,3,3,3,4,5,5,5,5,5,5,30,0,3,3.682930000165167,2.4217999998654705,7.982099999935599,36.0
1775991869,4,POST,setup/index_rebuild,0.000000,0.000000,0,0,0,0,0,0,0,0,0,0,0,2,0,160,196.32319999982428,155.8629999999539,236.78339999969467,248.0
1775991869,4,GET,setup/index_status,0.000000,0.000000,0,0,0,0,0,0,0,0,0,0,0,2,0,4,5.45590000001539,3.579700001864694,7.332099998166086,207.0
1775991869,4,GET,setup/instruments,0.000000,0.000000,0,0,0,0,0,0,0,0,0,0,0,2,0,6,17.011050000292016,5.660899998474633,28.3612000021094,1777.0
1775991869,4,GET,setup/records,0.000000,0.000000,0,0,0,0,0,0,0,0,0,0,0,2,0,5.158699997991789,19.186249997801497,5.158699997991789,33.213799997611204,20967.0
1775991869,4,GET,setup/risk_event,0.000000,0.000000,0,0,0,0,0,0,0,0,0,0,0,2,0,4,4.386450000311015,3.5265000005892944,5.246400000032736,359.0
1775991869,4,POST,setup/security_login,0.000000,0.000000,0,0,0,0,0,0,0,0,0,0,0,2,0,200,256.6799500000343,195.9227999977884,317.4371000022802,382.0
1775991869,4,POST,setup/security_login_attacker,0.000000,0.000000,0,0,0,0,0,0,0,0,0,0,0,2,0,192.58479999916744,250.13859999853594,192.58479999916744,307.69239999790443,426.0
1775991869,4,POST,setup/security_register_attacker,0.000000,0.000000,0,0,0,0,0,0,0,0,0,0,0,2,0,190.68800000241026,271.586800001387,190.68800000241026,352.4856000003638,402.0
1775991869,4,GET,trading/records,1.200000,0.000000,9,10,11,12,22,22,22,22,22,22,22,24,0,10,11.420929167040109,7.725900002697017,21.84530000158702,20967.0
1775991869,4,,Aggregated,8.000000,0.000000,6,7,8,9,11,16,22,22,22,22,22,214,0,7,18.59828878498936,2.4217999998654705,352.4856000003638,2841.995327102804
1775991870,4,GET,algo/range_kth_persistent,0.500000,0.000000,7,8,8,8,22,22,22,22,22,22,22,14,0,8,9.391164285261766,5.909300001803786,22.04129999881843,262.0
1775991870,4,GET,algo/range_kth_tdigest,0.500000,0.000000,9,9,10,10,13,13,13,13,13,13,13,18,0,7,8.28074999966096,4.690400000981754,13.932300000305986,304.0
1775991870,4,GET,algo/range_max_amount,0.500000,0.000000,6,6,7,7,7,7,7,7,7,7,7,14,0,7,11.177364285166343,6.021299999702023,53.00839999836171,184.0
1775991870,4,POST,auth/login,0.000000,0.000000,0,0,0,0,0,0,0,0,0,0,0,2,0,183.76880000141682,259.52954999957,183.76880000141682,335.2902999977232,382.0
1775991870,4,GET,imports/runs,0.900000,0.000000,7,7,8,8,9,9,9,9,9,9,9,18,0,7,7.095738889094921,5.580599998211255,9.212400000251364,792.0
1775991870,4,GET,risk_radar/event_context,0.700000,0.000000,7,9,9,9,9,9,9,9,9,9,9,10,0,7,8.030180000787368,5.451400000310969,12.92470000043977,1843.0
1775991870,4,GET,risk_radar/events,0.100000,0.000000,9,9,12,12,12,12,12,12,12,12,12,7,0,6,7.177714285977085,5.192399999941699,12.077799998223782,359.0
1775991870,4,GET,risk_radar/overview,0.200000,0.000000,7,7,7,7,7,7,7,7,7,7,7,9,0,6,6.086877776801379,4.937199999403674,8.338399999047397,666.0
1775991870,4,GET,security/cross_user_records,0.000000,0.000000,6,6,6,6,6,6,6,6,6,6,6,5,0,6,7.252460000017891,5.047900001954986,14.230099997803336,33.0
1775991870,4,GET,security/invalid_date_range,0.800000,0.000000,6,6,6,6,7,7,7,7,7,7,7,12,0,6,6.472850000136532,3.8180000010470394,9.570499998517334,62.0
1775991870,4,GET,security/invalid_k,0.300000,0.000000,6,6,11,11,11,11,11,11,11,11,11,10,0,6,7.065279999369523,5.096199998661177,11.205599999811966,49.0
1775991870,4,GET,security/invalid_token_me,1.000000,0.000000,3,4,4,4,16,20,20,20,20,20,20,30,0,3,4.444576666598247,2.877200000511948,19.540500001312466,33.0
1775991870,4,GET,security/no_auth_runs,1.300000,0.000000,3,3,4,4,4,5,5,5,5,5,5,32,0,3,3.689300000132789,2.4217999998654705,7.982099999935599,36.0
1775991870,4,POST,setup/index_rebuild,0.000000,0.000000,0,0,0,0,0,0,0,0,0,0,0,2,0,160,196.32319999982428,155.8629999999539,236.78339999969467,248.0
1775991870,4,GET,setup/index_status,0.000000,0.000000,0,0,0,0,0,0,0,0,0,0,0,2,0,4,5.45590000001539,3.579700001864694,7.332099998166086,207.0
1775991870,4,GET,setup/instruments,0.000000,0.000000,0,0,0,0,0,0,0,0,0,0,0,2,0,6,17.011050000292016,5.660899998474633,28.3612000021094,1777.0
1775991870,4,GET,setup/records,0.000000,0.000000,0,0,0,0,0,0,0,0,0,0,0,2,0,5.158699997991789,19.186249997801497,5.158699997991789,33.213799997611204,20967.0
1775991870,4,GET,setup/risk_event,0.000000,0.000000,0,0,0,0,0,0,0,0,0,0,0,2,0,4,4.386450000311015,3.5265000005892944,5.246400000032736,359.0
1775991870,4,POST,setup/security_login,0.000000,0.000000,0,0,0,0,0,0,0,0,0,0,0,2,0,200,256.6799500000343,195.9227999977884,317.4371000022802,382.0
1775991870,4,POST,setup/security_login_attacker,0.000000,0.000000,0,0,0,0,0,0,0,0,0,0,0,2,0,192.58479999916744,250.13859999853594,192.58479999916744,307.69239999790443,426.0
1775991870,4,POST,setup/security_register_attacker,0.000000,0.000000,0,0,0,0,0,0,0,0,0,0,0,2,0,190.68800000241026,271.586800001387,190.68800000241026,352.4856000003638,402.0
1775991870,4,GET,trading/records,1.200000,0.000000,11,12,13,16,22,22,22,22,22,22,22,26,0,10,11.65405000042833,7.725900002697017,21.84530000158702,20967.0
1775991870,4,,Aggregated,8.000000,0.000000,7,8,9,9,12,16,22,22,22,22,22,223,0,7,18.159860538066475,2.4217999998654705,352.4856000003638,2923.2825112107626
1775991871,4,GET,algo/range_kth_persistent,0.600000,0.000000,8,8,8,8,22,22,22,22,22,22,22,14,0,8,9.391164285261766,5.909300001803786,22.04129999881843,262.0
1775991871,4,GET,algo/range_kth_tdigest,0.600000,0.000000,9,10,13,13,15,15,15,15,15,15,15,19,0,8,8.636652631187308,4.690400000981754,15.042899998661596,304.0
1775991871,4,GET,algo/range_max_amount,0.400000,0.000000,6,6,7,7,7,7,7,7,7,7,7,14,0,7,11.177364285166343,6.021299999702023,53.00839999836171,184.0
1775991871,4,POST,auth/login,0.000000,0.000000,0,0,0,0,0,0,0,0,0,0,0,2,0,183.76880000141682,259.52954999957,183.76880000141682,335.2902999977232,382.0
1775991871,4,GET,imports/runs,0.800000,0.000000,7,7,8,8,9,9,9,9,9,9,9,19,0,7,7.0603263158868925,5.580599998211255,9.212400000251364,792.0
1775991871,4,GET,risk_radar/event_context,0.700000,0.000000,9,9,9,9,9,9,9,9,9,9,9,10,0,7,8.030180000787368,5.451400000310969,12.92470000043977,1843.0
1775991871,4,GET,risk_radar/events,0.200000,0.000000,9,9,12,12,12,12,12,12,12,12,12,8,0,6,7.022799999958806,5.192399999941699,12.077799998223782,359.0
1775991871,4,GET,risk_radar/overview,0.200000,0.000000,7,7,7,7,7,7,7,7,7,7,7,9,0,6,6.086877776801379,4.937199999403674,8.338399999047397,666.0
1775991871,4,GET,security/cross_user_records,0.000000,0.000000,6,6,6,6,6,6,6,6,6,6,6,5,0,6,7.252460000017891,5.047900001954986,14.230099997803336,33.0
1775991871,4,GET,security/invalid_date_range,0.900000,0.000000,6,6,6,6,7,7,7,7,7,7,7,12,0,6,6.472850000136532,3.8180000010470394,9.570499998517334,62.0
1775991871,4,GET,security/invalid_k,0.300000,0.000000,6,6,11,11,11,11,11,11,11,11,11,10,0,6,7.065279999369523,5.096199998661177,11.205599999811966,49.0
1775991871,4,GET,security/invalid_token_me,1.000000,0.000000,3,4,4,4,16,20,20,20,20,20,20,32,0,3,4.3642125000360465,2.871100001357263,19.540500001312466,33.0
1775991871,4,GET,security/no_auth_runs,1.200000,0.000000,3,4,4,4,5,12,12,12,12,12,12,34,0,3,3.921985294308637,2.4217999998654705,12.228499999764608,36.0
1775991871,4,POST,setup/index_rebuild,0.000000,0.000000,0,0,0,0,0,0,0,0,0,0,0,2,0,160,196.32319999982428,155.8629999999539,236.78339999969467,248.0
1775991871,4,GET,setup/index_status,0.000000,0.000000,0,0,0,0,0,0,0,0,0,0,0,2,0,4,5.45590000001539,3.579700001864694,7.332099998166086,207.0
1775991871,4,GET,setup/instruments,0.000000,0.000000,0,0,0,0,0,0,0,0,0,0,0,2,0,6,17.011050000292016,5.660899998474633,28.3612000021094,1777.0
1775991871,4,GET,setup/records,0.000000,0.000000,0,0,0,0,0,0,0,0,0,0,0,2,0,5.158699997991789,19.186249997801497,5.158699997991789,33.213799997611204,20967.0
1775991871,4,GET,setup/risk_event,0.000000,0.000000,0,0,0,0,0,0,0,0,0,0,0,2,0,4,4.386450000311015,3.5265000005892944,5.246400000032736,359.0
1775991871,4,POST,setup/security_login,0.000000,0.000000,0,0,0,0,0,0,0,0,0,0,0,2,0,200,256.6799500000343,195.9227999977884,317.4371000022802,382.0
1775991871,4,POST,setup/security_login_attacker,0.000000,0.000000,0,0,0,0,0,0,0,0,0,0,0,2,0,192.58479999916744,250.13859999853594,192.58479999916744,307.69239999790443,426.0
1775991871,4,POST,setup/security_register_attacker,0.000000,0.000000,0,0,0,0,0,0,0,0,0,0,0,2,0,190.68800000241026,271.586800001387,190.68800000241026,352.4856000003638,402.0
1775991871,4,GET,trading/records,1.100000,0.000000,11,13,16,16,16,22,22,22,22,22,22,27,0,10,11.81265555593806,7.725900002697017,21.84530000158702,20967.0
1775991871,4,,Aggregated,8.000000,0.000000,6,8,9,9,13,16,22,22,22,22,22,231,0,6,17.81210779215628,2.4217999998654705,352.4856000003638,2919.7056277056276
1775991872,4,GET,algo/range_kth_persistent,0.600000,0.000000,7,8,8,8,22,22,22,22,22,22,22,15,0,8,9.19354666621075,5.909300001803786,22.04129999881843,262.0
1775991872,4,GET,algo/range_kth_tdigest,0.600000,0.000000,8,9,10,13,15,15,15,15,15,15,15,21,0,7,8.462290475671622,4.690400000981754,15.042899998661596,304.0
1775991872,4,GET,algo/range_max_amount,0.400000,0.000000,6,6,7,7,7,7,7,7,7,7,7,14,0,7,11.177364285166343,6.021299999702023,53.00839999836171,184.0
1775991872,4,POST,auth/login,0.000000,0.000000,0,0,0,0,0,0,0,0,0,0,0,2,0,183.76880000141682,259.52954999957,183.76880000141682,335.2902999977232,382.0
1775991872,4,GET,imports/runs,0.900000,0.000000,7,8,8,8,9,9,9,9,9,9,9,20,0,7,7.131090000075346,5.580599998211255,9.212400000251364,792.0
1775991872,4,GET,risk_radar/event_context,0.500000,0.000000,9,9,9,9,9,9,9,9,9,9,9,10,0,7,8.030180000787368,5.451400000310969,12.92470000043977,1843.0
1775991872,4,GET,risk_radar/events,0.300000,0.000000,9,9,12,12,12,12,12,12,12,12,12,8,0,6,7.022799999958806,5.192399999941699,12.077799998223782,359.0
1775991872,4,GET,risk_radar/overview,0.200000,0.000000,7,7,8,8,8,8,8,8,8,8,8,10,0,6,6.267959998876904,4.937199999403674,8.338399999047397,666.0
